Jugador,Porcetnaje_juegos_2017,RBI_2017,Porcentaje_bateo_2017,OPS_2017,Equipo_2017,Sueldo_2017
Charlie Blackmon,0.982,104,0.334,1.007,COL,7300000
Jose Altuve,0.944,81,0.346,0.957,HOU,4687500
Ender Inciarte,0.969,57,0.304,0.759,ATL,2700000
Dee Gordon,0.975,33,0.306,0.713,MIA,7800000
Eric Hosmer,1.0,94,0.318,0.882,KC,12250000
Elvis Andrus,0.975,88,0.297,0.808,TEX,15250000
D.J. LeMahieu,0.957,64,0.31,0.783,COL,4800000
Marcell Ozuna,0.982,124,0.308,0.917,MIA,3500000
Jose Abreu,0.963,102,0.304,0.906,CHW,10825000
Nolan Arenado,0.982,130,0.309,0.959,COL,11750000
Jonathan Schoop,0.988,105,0.293,0.841,BAL,3475000
Joey Votto,1.0,100,0.32,1.032,CIN,22000000
Melky Cabrera,0.963,85,0.286,0.746,KC,15000000
Lorenzo Cain,0.957,50,0.303,0.809,KC,11000000
Daniel Murphy,0.889,93,0.322,0.928,WSH,12000000
Avisail Garcia,0.84,79,0.33,0.885,CHW,3000000
Adam Jones,0.907,73,0.285,0.787,BAL,16333333
Christian Yelich,0.963,81,0.282,0.807,MIA,3500000
Giancarlo Stanton,0.982,132,0.283,1.01,MIA,14500000
Whit Merrifield,0.895,78,0.288,0.784,KC,543750
Nick Castellanos,0.969,101,0.272,0.811,DET,3000000
Robinson Cano,0.926,97,0.28,0.791,SEA,24000000
Paul Goldschmidt,0.957,120,0.298,0.966,ARI,8850000
Brian Dozier,0.938,93,0.269,0.853,MIN,6025000
Corey Dickerson,0.926,62,0.282,0.815,TB,3025000
Mookie Betts,0.944,102,0.263,0.798,BOS,950000
Andrelton Simmons,0.975,69,0.278,0.752,LAA,8000000
Nick Markakis,0.988,76,0.275,0.738,ATL,11000000
Brandon Phillips,0.889,60,0.285,0.735,LAA,14000000
Manny Machado,0.963,95,0.259,0.782,BAL,11500000
Kris Bryant,0.932,73,0.295,0.946,CHC,1050000
Joe Mauer,0.87,71,0.307,0.804,MIN,23000000
Evan Longoria,0.963,86,0.261,0.737,TB,11692000
Nelson Cruz,0.957,119,0.288,0.924,SEA,14250000
Ryan Zimmerman,0.889,108,0.303,0.93,WSH,14000000
Andrew McCutchen,0.963,88,0.279,0.849,PIT,14208333
Corey Seager,0.895,77,0.295,0.854,LAD,575000
Trey Mancini,0.907,78,0.293,0.826,BAL,536000
Buster Posey,0.864,67,0.32,0.861,SF,22177777
Alex Bregman,0.957,71,0.284,0.827,HOU,539400
Yulieski Gurriel,0.858,75,0.299,0.817,HOU,14400000
Jed Lowrie,0.944,69,0.277,0.808,OAK,6500000
Brett Gardner,0.932,63,0.264,0.778,NYY,12500000
Jean Segura,0.772,45,0.3,0.776,SEA,6800000
Eddie Rosario,0.932,78,0.29,0.836,MIN,552500
Anthony Rizzo,0.969,109,0.273,0.899,CHC,7285714
Xander Bogaerts,0.914,62,0.273,0.746,BOS,4500000
Ryon Healy,0.92,78,0.271,0.754,OAK,537500
Freddy Galvis,1.0,61,0.255,0.69,PHI,4350000
George Springer,0.864,85,0.283,0.889,HOU,3900000
Andrew Benintendi,0.932,90,0.271,0.776,BOS,549000
Didi Gregorius,0.84,87,0.288,0.799,NYY,5100000
David Peralta,0.864,57,0.293,0.796,ARI,572200
Aaron Judge,0.957,114,0.284,1.049,NYY,544500
Anthony Rendon,0.907,100,0.301,0.937,WSH,5800000
Justin Upton,0.938,109,0.273,0.901,LAA,22125000
Justin Smoak,0.975,90,0.27,0.883,TOR,4125000
Mike Moustakas,0.914,85,0.272,0.835,KC,8700000
Tim Anderson,0.901,56,0.257,0.679,CHW,850000
Alcides Escobar,1.0,54,0.25,0.629,KC,6500000
Cesar Hernandez,0.79,34,0.294,0.793,PHI,2550000
Kevin Pillar,0.951,42,0.256,0.704,TOR,555000
Chris Taylor,0.864,72,0.288,0.85,LAD,535000
J.T. Realmuto,0.87,65,0.278,0.783,MIA,562500
Tim Beckham,0.846,62,0.276,0.778,BAL,885000
Travis Shaw,0.889,101,0.273,0.862,MIL,544400
Joe Panik,0.852,53,0.287,0.767,SF,600000
Odubel Herrera,0.852,56,0.28,0.774,PHI,1600000
Eduardo Nunez,0.704,58,0.313,0.801,BOS,4200000
Domingo Santana,0.932,85,0.278,0.875,MIL,542200
Adam Duvall,0.969,99,0.249,0.782,CIN,577500
Kyle Seager,0.951,88,0.249,0.773,SEA,11000000
Billy Hamilton,0.858,38,0.247,0.634,CIN,2625000
Shin-Soo Choo,0.92,78,0.263,0.783,TEX,20000000
Albert Pujols,0.92,101,0.241,0.672,LAA,26000000
Chase Headley,0.907,61,0.273,0.758,NYY,14000000
Khris Davis,0.944,111,0.247,0.864,OAK,5000000
Josh Bell,0.982,90,0.255,0.8,PIT,549000
Nomar Mazara,0.914,101,0.253,0.745,TEX,546450
Ben Gamel,0.827,59,0.275,0.735,SEA,535000
Orlando Arcia,0.944,53,0.277,0.731,MIL,538100
Mark Reynolds,0.914,97,0.267,0.839,COL,1500000
Kole Calhoun,0.957,71,0.244,0.725,LAA,6000000
Eugenio Suarez,0.963,82,0.26,0.828,CIN,595000
Wil Myers,0.957,74,0.243,0.792,SD,4500000
Marwin Gonzalez,0.827,90,0.303,0.907,HOU,3725000
Yadier Molina,0.84,82,0.274,0.751,STL,14200000
Scooter Gennett,0.87,97,0.295,0.874,CIN,2525000
Denard Span,0.796,43,0.272,0.756,SF,13750000
Freddie Freeman,0.722,71,0.307,0.989,ATL,20859375
Tommy Pham,0.79,72,0.304,0.927,STL,535000
Asdrubal Cabrera,0.833,59,0.28,0.785,NYM,8250000
Bryce Harper,0.685,87,0.319,1.008,WSH,13725000
Carlos Correa,0.673,85,0.318,0.945,HOU,535000
Starlin Castro,0.691,63,0.3,0.792,NYY,9857142
Jake Lamb,0.92,105,0.248,0.844,ARI,573300
Josh Harrison,0.79,47,0.272,0.771,PIT,7750000
Maikel Franco,0.951,76,0.23,0.69,PHI,560000
Gary Sanchez,0.753,90,0.28,0.88,NYY,557900
J.D. Martinez,0.735,104,0.303,1.066,ARI,11750000
Brandon Crawford,0.889,77,0.253,0.709,SF,8200000
Yasiel Puig,0.938,75,0.263,0.831,LAD,8214285
Ian Kinsler,0.858,52,0.236,0.725,DET,11000000
Hunter Pence,0.827,67,0.262,0.705,SF,18500000
Zack Cozart,0.753,62,0.295,0.928,CIN,5325000
Javier Baez,0.895,76,0.275,0.801,CHC,609000
Yolmer Sanchez,0.87,59,0.267,0.732,CHW,546000
Jordy Mercer,0.895,58,0.255,0.733,PIT,4325000
Manuel Margot,0.778,39,0.263,0.721,SD,535600
Cody Bellinger,0.815,97,0.267,0.933,LAD,535000
Logan Morrison,0.92,85,0.246,0.868,TB,2750000
Salvador Perez,0.796,80,0.268,0.792,KC,4200000
Jose Peraza,0.883,37,0.259,0.622,CIN,540000
Steven Souza,0.914,78,0.239,0.81,TB,546700
Jorge Polanco,0.821,74,0.256,0.723,MIN,540000
Rougned Odor,1.0,75,0.204,0.649,TEX,1333333
Max Kepler,0.907,69,0.243,0.737,MIN,547500
Jose Reyes,0.895,58,0.246,0.728,NYM,535000
Mike Trout,0.704,72,0.306,1.071,LAA,20083333
Carlos Gonzalez,0.84,57,0.26,0.756,COL,20428571
Gerardo Parra,0.71,72,0.311,0.798,COL,8000000
Matt Kemp,0.71,64,0.276,0.781,ATL,21500000
Hanley Ramirez,0.821,62,0.242,0.75,BOS,22750000
Yonder Alonso,0.877,67,0.266,0.866,SEA,4000000
Matt Carpenter,0.895,69,0.241,0.835,STL,10000000
Yangervis Solarte,0.79,64,0.255,0.731,SD,2625000
Brandon Drury,0.833,63,0.267,0.764,ARI,559300
Tommy Joseph,0.877,69,0.24,0.721,PHI,543000
Paul DeJong,0.667,65,0.285,0.857,STL,535000
Trevor Story,0.895,82,0.237,0.762,COL,540000
Dustin Pedroia,0.648,62,0.291,0.756,BOS,15125000
Jose Iglesias,0.803,54,0.255,0.657,DET,4100000
Miguel Cabrera,0.803,60,0.25,0.728,DET,28000000
Cory Spangenberg,0.796,46,0.264,0.725,SD,545000
Byron Buxton,0.864,51,0.253,0.728,MIN,535000
Eric Thames,0.852,63,0.247,0.877,MIL,4500000
Jackie Bradley Jr.,0.821,64,0.241,0.718,BOS,3600000
Jedd Gyorko,0.772,67,0.272,0.813,STL,6000000
Trea Turner,0.605,45,0.282,0.782,WSH,554900
Danny Valencia,0.803,66,0.256,0.725,SEA,5500000
Eduardo Escobar,0.796,72,0.25,0.747,MIN,2600000
A.J. Pollock,0.691,49,0.266,0.801,ARI,6750000
Jason Heyward,0.778,59,0.259,0.715,CHC,28166666
Jonathan Lucroy,0.759,40,0.265,0.716,COL,5250000
David Freese,0.803,52,0.263,0.739,PIT,6250000
Hernan Perez,0.84,51,0.259,0.704,MIL,545700
Miguel Sano,0.704,77,0.264,0.859,MIN,572500
Dansby Swanson,0.889,51,0.23,0.633,ATL,540000
Adam Frazier,0.747,53,0.276,0.743,PIT,549500
Josh Donaldson,0.698,78,0.268,0.94,TOR,17000000
Scott Schebler,0.87,67,0.233,0.791,CIN,540000
Justin Bour,0.667,83,0.289,0.902,MIA,552500
Yasmani Grandal,0.796,58,0.247,0.767,LAD,5500000
Michael Taylor,0.728,53,0.271,0.806,WSH,557900
Adrian Beltre,0.58,71,0.312,0.915,TEX,18000000
Kevin Kiermaier,0.605,39,0.276,0.788,TB,3166666
Michael Conforto,0.673,68,0.279,0.939,NYM,554904
Willson Contreras,0.722,74,0.276,0.855,CHC,544500
Mitch Haniger,0.593,47,0.282,0.843,SEA,538000
Hunter Renfroe,0.753,58,0.232,0.751,SD,535900
Ryan Braun,0.642,52,0.268,0.821,MIL,20000000
Neil Walker,0.685,49,0.265,0.803,MIL,17200000
Ben Zobrist,0.79,50,0.232,0.693,CHC,16500000
Todd Frazier,0.907,76,0.213,0.772,NYY,12000000
Derek Dietrich,0.833,53,0.249,0.758,MIA,1700000
Delino DeShields,0.741,22,0.269,0.714,TEX,540300
Kolten Wong,0.667,42,0.285,0.788,STL,2500000
Aaron Altherr,0.661,65,0.272,0.856,PHI,538500
Victor Martinez,0.661,47,0.255,0.697,DET,18000000
Tucker Barnhart,0.747,44,0.27,0.75,CIN,575000
Alex Gordon,0.914,45,0.208,0.608,KC,16000000
Ryan Goins,0.883,62,0.237,0.643,TOR,548200
Chris Davis,0.79,61,0.215,0.732,BAL,21065362
Jorge Bonifacio,0.698,40,0.255,0.752,KC,535000
Randal Grichuk,0.753,59,0.238,0.758,STL,557200
Mike Zunino,0.765,64,0.251,0.84,SEA,570000
Chris Owings,0.599,51,0.268,0.741,ARI,2300000
Jonathan Villar,0.753,40,0.241,0.665,MIL,554500
Yunel Escobar,0.549,31,0.274,0.73,LAA,7000000
Howie Kendrick,0.562,41,0.315,0.844,WSH,10000000
Mikie Mahtook,0.673,38,0.276,0.785,DET,541300
Guillermo Heredia,0.759,24,0.249,0.652,SEA,782000
Martin Maldonado,0.852,38,0.221,0.645,LAA,1725000
Gregory Polanco,0.667,35,0.251,0.695,PIT,1600000
Jacoby Ellsbury,0.691,39,0.264,0.75,NYY,21142857
Curtis Granderson,0.907,64,0.209,0.768,LAD,15000000
Matt Wieters,0.759,52,0.223,0.627,WSH,10500000
Christian Vazquez,0.611,32,0.29,0.735,BOS,561000
Robbie Grossman,0.735,45,0.246,0.741,MIN,552500
Joey Gallo,0.895,80,0.209,0.869,TEX,537120
Norichika Aoki,0.679,35,0.277,0.728,NYM,535000
Matt Adams,0.809,65,0.274,0.841,ATL,2800000
Lucas Duda,0.784,64,0.218,0.818,TB,7250000
Brandon Belt,0.642,51,0.241,0.823,SF,4000000
Manuel Pina,0.661,43,0.279,0.751,MIL,538200
Ronald Torreyes,0.667,36,0.292,0.689,NYY,561900
Ian Happ,0.71,68,0.253,0.842,CHC,535000
Wilmer Flores,0.679,52,0.271,0.795,NYM,2200000
Keon Broxton,0.883,49,0.22,0.719,MIL,541200
Matt Davidson,0.728,68,0.22,0.711,CHW,537000
Cameron Maybin,0.704,35,0.228,0.683,HOU,9000000
Wilmer Difo,0.765,21,0.271,0.69,WSH,537800
Jose Pirela,0.512,40,0.289,0.837,SD,535000
Nick Williams,0.512,55,0.288,0.811,PHI,535000
Tyler Flowers,0.611,49,0.281,0.823,ATL,3600000
Albert Almora,0.815,46,0.298,0.782,CHC,552000
James McCann,0.654,49,0.253,0.733,DET,552100
Kyle Schwarber,0.796,59,0.211,0.782,CHC,565500
Jarrod Dyson,0.685,30,0.251,0.674,SEA,2800000
Adeiny Hechavarria,0.599,30,0.261,0.695,TB,4350000
Starling Marte,0.475,31,0.275,0.712,PIT,3147540
Travis d'Arnaud,0.691,57,0.244,0.735,NYM,1875000
Marcus Semien,0.525,40,0.249,0.722,OAK,545000
Brian McCann,0.599,62,0.241,0.759,HOU,17000000
Seth Smith,0.685,32,0.255,0.768,BAL,7000000
C.J. Cron,0.617,56,0.248,0.741,LAA,565000
Addison Russell,0.679,43,0.239,0.722,CHC,644000
Jose Martinez,0.654,46,0.309,0.897,STL,535000
Austin Hedges,0.741,55,0.215,0.662,SD,537100
Carlos Asuaje,0.549,21,0.27,0.696,SD,535000
Logan Forsythe,0.735,37,0.227,0.685,LAD,7000000
Ezequiel Carrera,0.809,20,0.282,0.764,TOR,1162500
Leury Garcia,0.537,33,0.27,0.739,CHW,535000
Aaron Hicks,0.543,52,0.266,0.847,NYY,1350000
Stephen Piscotty,0.661,39,0.235,0.707,STL,1333333
Gorkys Hernandez,0.79,22,0.255,0.652,SF,537000
Evan Gattis,0.519,55,0.263,0.767,HOU,5200000
Miguel Rojas,0.556,26,0.29,0.736,MIA,535000
Erick Aybar,0.667,22,0.234,0.648,SD,1750000
Darwin Barney,0.796,25,0.232,0.602,TOR,2887500
Kevan Smith,0.537,30,0.283,0.697,CHW,535000
Alex Presley,0.438,20,0.31,0.762,DET,535000
Andrew Romine,0.765,25,0.236,0.632,DET,1300000
Jesus Aguilar,0.821,52,0.265,0.837,MIL,536000
Aledmys Diaz,0.488,20,0.252,0.668,STL,2500000
Johan Camargo,0.506,27,0.299,0.783,ATL,535000
Omar Narvaez,0.556,14,0.277,0.713,CHW,540000
Mallex Smith,0.5,12,0.27,0.684,TB,539800
Russell Martin,0.562,35,0.222,0.731,TOR,20000000
Eric Sogard,0.58,18,0.273,0.77,MIL,535000
Robinson Chirinos,0.543,39,0.259,0.869,TEX,1900000
Brad Miller,0.679,40,0.201,0.664,TB,3575000
Matt Chapman,0.519,40,0.235,0.785,OAK,535000
Chad Pinder,0.537,42,0.238,0.75,OAK,535000
Francisco Cervelli,0.5,31,0.249,0.712,PIT,9000000
Caleb Joseph,0.549,28,0.256,0.7,BAL,700000
Stephen Vogt,0.611,40,0.229,0.701,MIL,2965000
Cameron Rupp,0.543,34,0.217,0.716,PHI,565000
Enrique Hernandez,0.864,37,0.216,0.729,LAD,555000
Juan Lagares,0.58,15,0.25,0.661,NYM,4500000
Brian Goodwin,0.457,30,0.251,0.811,WSH,535000
Austin Barnes,0.63,38,0.289,0.895,LAD,540000
Joey Rickard,0.685,19,0.241,0.621,BAL,539000
Rafael Devers,0.358,30,0.284,0.824,BOS,535000
T.J. Rivera,0.451,27,0.29,0.76,NYM,539958
Ozzie Albies,0.352,28,0.286,0.81,ATL,535000
Sandy Leon,0.525,39,0.225,0.644,BOS,1300000
Kennys Vargas,0.482,41,0.253,0.758,MIN,540000
Greg Garcia,0.821,20,0.253,0.697,STL,547900
Troy Tulowitzki,0.407,26,0.249,0.678,TOR,20000000
Joc Pederson,0.63,35,0.213,0.738,LAD,555000
Ketel Marte,0.451,18,0.26,0.74,ARI,535000
Chris Young,0.556,25,0.235,0.709,BOS,6500000
Jayson Werth,0.432,29,0.226,0.717,WSH,21571428
Pablo Sandoval,0.488,32,0.22,0.632,SF,535000
Adrian Gonzalez,0.438,30,0.242,0.642,LAD,22357142
Jake Marisnick,0.654,35,0.244,0.815,HOU,1100000
J.T. Riddle,0.432,31,0.246,0.624,MIA,535000
J.J. Hardy,0.451,24,0.217,0.578,BAL,14000000
Daniel Nava,0.494,21,0.301,0.813,PHI,1350000
Gregor Blanco,0.556,13,0.246,0.694,ARI,1000000
Tony Wolters,0.512,16,0.24,0.625,COL,540000
Rene Rivera,0.457,35,0.252,0.736,CHC,1750000
John Jaso,0.778,35,0.211,0.73,PIT,4000000
Bruce Maxwell,0.469,22,0.237,0.663,OAK,535000
Taylor Motter,0.568,26,0.198,0.583,SEA,537200
Adam Engel,0.599,21,0.169,0.524,CHW,535000
Austin Romine,0.494,21,0.218,0.565,NYY,805000
Kelby Tomlinson,0.642,11,0.258,0.646,SF,543000
Jose Osuna,0.648,30,0.233,0.697,PIT,535000
Ichiro Suzuki,0.84,20,0.25,0.64,MIA,2000000
Cliff Pennington,0.537,21,0.253,0.635,LAA,2250000
Hyun-soo Kim,0.593,14,0.231,0.599,PHI,4200000
Matt Olson,0.364,45,0.259,1.003,OAK,535000
Devon Travis,0.309,24,0.26,0.729,TOR,545200
Alen Hanson,0.654,11,0.221,0.607,CHW,541500
Pat Valaika,0.679,40,0.258,0.817,COL,535000
Yoan Moncada,0.333,22,0.231,0.75,CHW,535000
John Hicks,0.37,22,0.266,0.766,DET,535000
Raimel Tapia,0.432,16,0.288,0.754,COL,535000
Brandon Nimmo,0.426,21,0.26,0.797,NYM,536240
Matt Szczur,0.735,18,0.231,0.714,SD,549500
Jesus Sucre,0.389,29,0.256,0.699,TB,630000
Tyler Saladino,0.488,10,0.178,0.484,CHW,547000
Daniel Robertson,0.463,19,0.206,0.634,TB,535000
Andrew Knapp,0.346,13,0.257,0.736,PHI,535000
Rhys Hoskins,0.309,48,0.259,1.014,PHI,535000
Tyler Moore,0.642,30,0.23,0.668,MIA,1000000
Ehire Adrianza,0.432,24,0.265,0.707,MIN,600000
Dixon Machado,0.451,11,0.259,0.621,DET,537800
Peter Bourjos,0.617,15,0.223,0.655,TB,1350000
Nick Ahmed,0.327,21,0.252,0.717,ARI,566000
Elias Diaz,0.395,19,0.223,0.582,PIT,535000
Allen Cordoba,0.617,15,0.208,0.579,SD,535000
Chris Gimenez,0.475,16,0.22,0.731,MIN,950000
Chris Herrmann,0.654,27,0.181,0.619,ARI,937500
Jarrett Parker,0.315,23,0.247,0.709,SF,539000
Adonis Garcia,0.321,19,0.237,0.62,ATL,547500
Amed Rosario,0.284,10,0.249,0.665,NYM,535000
Miguel Montero,0.469,16,0.216,0.656,TOR,14000000
Jace Peterson,0.549,17,0.215,0.635,ATL,555000
Yasmany Tomas,0.29,32,0.241,0.758,ARI,9500000
Patrick Kivlehan,0.71,26,0.208,0.703,CIN,535000
Nicky Delmonico,0.265,23,0.262,0.856,CHW,535000
Tommy La Stella,0.451,22,0.288,0.861,CHC,573500
Deven Marrero,0.438,27,0.211,0.593,BOS,535000
Mark Canha,0.352,14,0.208,0.644,OAK,545000
Jeimer Candelario,0.235,16,0.284,0.784,DET,535000
Jesse Winker,0.29,15,0.298,0.904,CIN,535000
Martin Prado,0.228,12,0.25,0.636,MIA,11500000
Jett Bandy,0.37,18,0.207,0.636,MIL,539800
Jabari Blash,0.377,16,0.213,0.675,SD,535000
Daniel Santana,0.506,23,0.202,0.6,ATL,545000
Jorge Alfaro,0.179,14,0.318,0.874,PHI,535000
Cheslor Cuthbert,0.358,18,0.231,0.596,KC,552250
Boog Powell,0.321,12,0.282,0.76,OAK,535000
Austin Slater,0.21,16,0.282,0.74,SF,535000
Dominic Smith,0.303,26,0.198,0.658,NYM,535000
Reymond Fuentes,0.395,9,0.235,0.616,ARI,535000
Derek Fisher,0.327,17,0.212,0.663,HOU,535000
Clint Frazier,0.241,17,0.231,0.715,NYY,535000
Devin Mesoraco,0.346,14,0.213,0.711,CIN,7325000
Hector Sanchez,0.463,25,0.219,0.668,SD,750000
Josh Phegley,0.352,10,0.201,0.59,OAK,545000
Lane Adams,0.525,20,0.275,0.807,ATL,535000
Eric Young Jr.,0.29,16,0.264,0.754,LAA,535000
Tyler Collins,0.303,14,0.193,0.611,DET,544700
Rio Ruiz,0.327,19,0.193,0.59,ATL,535000
Ryan Rua,0.389,12,0.217,0.627,TEX,544740
Greg Bird,0.296,28,0.191,0.71,NYY,545500
Luke Voit,0.383,18,0.246,0.736,STL,535000
Ryan Hanigan,0.204,13,0.267,0.671,COL,1250000
Carlos Ruiz,0.333,11,0.216,0.665,SEA,4500000
Adam Eaton,0.142,13,0.297,0.854,WSH,4000000
Brock Holt,0.395,7,0.193,0.534,BOS,1950000
Craig Gentry,0.475,11,0.257,0.719,BAL,535000
Kevin Plawecki,0.228,13,0.26,0.764,NYM,535000
Matt Reynolds,0.42,5,0.23,0.609,NYM,535000
Andrew Toles,0.191,15,0.271,0.772,LAD,540000
Ryder Jones,0.327,5,0.173,0.517,SF,535000
Tomas Telis,0.296,9,0.24,0.625,MIA,535000
Willy Garcia,0.272,12,0.238,0.705,CHW,535000
Jose Lobaton,0.315,11,0.17,0.525,WSH,1575000
Chris Stewart,0.315,4,0.183,0.463,PIT,1400000
Josh Rutledge,0.228,9,0.224,0.558,BOS,600000
Max Moroff,0.346,21,0.2,0.627,PIT,535000
Jacoby Jones,0.346,13,0.17,0.51,DET,536100
Drew Robinson,0.296,13,0.224,0.775,TEX,535000
Brett Phillips,0.228,12,0.276,0.799,MIL,535000
Kaleb Cowart,0.309,11,0.226,0.695,LAA,535000
Teoscar Hernandez,0.167,20,0.261,0.908,TOR,535000
Leonys Martin,0.303,9,0.172,0.513,CHC,4850000
Jefry Marte,0.278,14,0.173,0.576,LAA,547000
Zach Granite,0.247,13,0.237,0.611,MIN,535000
Brian Anderson,0.154,8,0.262,0.706,MIA,535000
Mike Aviles,0.228,8,0.244,0.611,MIA,535000
Dustin Garneau,0.253,9,0.188,0.585,OAK,537000
Sam Travis,0.204,1,0.263,0.667,BOS,535000
Harrison Bader,0.198,10,0.235,0.659,STL,535000
Luis Torrens,0.346,7,0.163,0.446,SD,535000
Magneuris Sierra,0.136,5,0.333,0.708,STL,535000
Luke Maile,0.284,7,0.146,0.407,TOR,535000
Adrian Sanchez,0.21,11,0.268,0.654,WSH,535000
Ramon Torres,0.204,4,0.243,0.575,KC,535000
Jeremy Hazelbaker,0.253,10,0.346,1.02,ARI,542500
Ryan Raburn,0.154,6,0.262,0.735,WSH,535000
Juan Graterol,0.296,10,0.202,0.457,LAA,535000
Paulo Orlando,0.241,6,0.198,0.527,KC,558250
Ty Kelly,0.432,14,0.191,0.595,PHI,537208
Tyler White,0.136,10,0.279,0.853,HOU,535000
Pedro Florimon,0.093,6,0.348,0.866,PHI,535000
Mac Williamson,0.173,6,0.235,0.685,SF,539000
Marco Hernandez,0.13,2,0.276,0.628,BOS,548500
Jared Hoying,0.222,7,0.222,0.565,TEX,535000
Gavin Cecchini,0.198,7,0.208,0.529,NYM,535000
Cameron Perkins,0.259,8,0.182,0.51,PHI,535000
Jordan Luplow,0.167,11,0.205,0.66,PIT,535000
Phillip Ervin,0.173,10,0.259,0.766,CIN,535000
Jacob deGrom,0.228,4,0.211,0.5,NYM,4050000
Rob Refsnyder,0.321,0,0.171,0.463,TOR,535000
Brett Nicholas,0.136,11,0.238,0.658,TEX,537000
Victor Caratini,0.191,2,0.254,0.689,CHC,535000
Tzu-Wei Lin,0.154,2,0.268,0.709,BOS,535000
J.P. Crawford,0.142,6,0.214,0.656,PHI,535000
Jorge Soler,0.216,6,0.144,0.503,KC,3666667
Efren Navarro,0.142,2,0.23,0.696,DET,535000
Travis Jankowski,0.167,1,0.187,0.496,SD,544300
Richard Urena,0.13,4,0.206,0.579,TOR,535000
Franklin Barreto,0.154,6,0.197,0.602,OAK,535000
Garrett Cooper,0.08,6,0.326,0.822,NYY,535000
J.D. Davis,0.154,7,0.226,0.763,HOU,535000
Zack Greinke,0.204,4,0.21,0.52,ARI,34000000
Robbie Ray,0.173,2,0.245,0.569,ARI,570400
Austin Hays,0.124,8,0.217,0.555,BAL,535000
Alejandro De Aza,0.173,9,0.194,0.546,WSH,535000
Taijuan Walker,0.173,5,0.231,0.553,ARI,2250000
Juan Centeno,0.136,4,0.231,0.632,HOU,535000
Raffy Lopez,0.148,12,0.222,0.769,TOR,535000
Carson Kelly,0.21,6,0.174,0.457,STL,535000
Adam Wainwright,0.161,11,0.262,0.731,STL,19500000
Carlos Martinez,0.21,11,0.177,0.429,STL,3700000
Christian Villanueva,0.074,7,0.344,1.094,SD,535000
Stuart Turner,0.228,7,0.134,0.426,CIN,535000
Max Scherzer,0.191,5,0.161,0.422,WSH,22242857
Ty Blach,0.235,7,0.227,0.627,SF,536500
Phillip Evans,0.117,1,0.303,0.758,NYM,535000
Clayton Kershaw,0.167,2,0.184,0.449,LAD,35571428
Rob Brantly,0.086,5,0.29,0.905,CHW,535000
Rymer Liriano,0.13,6,0.22,0.646,CHW,535000
Gerrit Cole,0.21,3,0.164,0.415,PIT,3750000
Tyler Austin,0.124,8,0.225,0.708,NYY,544000
Andrew Stevenson,0.228,1,0.158,0.443,WSH,535000
Willie Calhoun,0.08,4,0.265,0.677,TEX,535000
Mitch Garver,0.142,3,0.196,0.636,MIN,535000
Tyler Wade,0.185,2,0.155,0.446,NYY,535000
Travis Taijeron,0.161,3,0.173,0.54,NYM,535000
Jon Lester,0.198,6,0.148,0.463,CHC,25000000
Geovany Soto,0.08,9,0.191,0.676,CHW,2000000
Andre Ethier,0.136,3,0.235,0.757,LAD,17500000
Jake Arrieta,0.198,5,0.131,0.358,CHC,15637500
Mike Leake,0.198,4,0.17,0.411,SEA,15000000
Julio Teheran,0.228,6,0.14,0.307,ATL,6466666
Ryan Flaherty,0.142,4,0.211,0.539,BAL,1800000
Will Middlebrooks,0.136,3,0.211,0.599,TEX,535000
Carlos Moncrief,0.173,5,0.211,0.493,SF,535000
Kyle Freeland,0.216,2,0.154,0.401,COL,535000
Chris Bostick,0.124,1,0.296,0.777,PIT,535000
German Marquez,0.179,5,0.178,0.4,COL,537000
Tony Kemp,0.105,4,0.216,0.5,HOU,535000
Miguel Gomez,0.136,2,0.242,0.538,SF,535000
Anthony Santander,0.08,2,0.267,0.625,BAL,535000
Homer Bailey,0.111,0,0.25,0.571,CIN,19000000
John Lackey,0.198,1,0.132,0.33,CHC,16000000
Stephen Strasburg,0.173,3,0.13,0.401,WSH,18333333
Madison Bumgarner,0.105,5,0.206,0.721,SF,12200000
Mike Morse,0.148,3,0.194,0.556,SF,535000
Patrick Corbin,0.216,0,0.125,0.37,ARI,3950000
Bryan Holaday,0.08,2,0.241,0.552,DET,535000
Chase Anderson,0.154,3,0.135,0.288,MIL,2450000
Philip Gosselin,0.247,2,0.146,0.368,TEX,559500
Jake Smolinski,0.099,0,0.259,0.607,OAK,545000
Orlando Calixte,0.179,6,0.143,0.348,SF,535000
Cesar Puello,0.105,3,0.206,0.514,TB,535000
Shane Robinson,0.124,1,0.194,0.451,LAA,535000
Jeff Samardzija,0.216,2,0.094,0.266,SF,19800000
Gio Gonzalez,0.198,5,0.091,0.234,WSH,12000000
Matt Moore,0.198,4,0.128,0.291,SF,7000000
Tyler Chatwood,0.216,2,0.154,0.354,COL,4400000
Mike Freeman,0.216,1,0.1,0.365,CHC,535000
Trayce Thompson,0.167,2,0.122,0.483,LAD,535000
Jimmy Nelson,0.179,2,0.105,0.226,MIL,547000
Vincent Velasquez,0.099,1,0.25,0.53,PHI,547000
Jameson Taillon,0.154,0,0.158,0.316,PIT,555500
Joe Ross,0.124,1,0.182,0.448,WSH,551000
Zach Davies,0.204,3,0.125,0.403,MIL,546200
Dan Vogelbach,0.099,2,0.214,0.54,SEA,535000
Chance Sisco,0.062,4,0.333,1.232,BAL,535000
Kyle Farmer,0.124,2,0.3,0.65,LAD,535000
Cameron Gallagher,0.08,5,0.25,0.75,KC,535000
Ben Lively,0.093,8,0.231,0.692,PHI,535000
Victor Robles,0.08,4,0.25,0.766,WSH,535000
Mike Tauchman,0.191,2,0.222,0.64,COL,535000
Matt Cain,0.167,2,0.156,0.375,SF,20833334
Luis Perdomo,0.179,3,0.109,0.432,SD,544300
Jaime Garcia,0.167,7,0.152,0.449,NYY,12000000
Mike Montgomery,0.272,3,0.185,0.519,CHC,570500
Kyle Hendricks,0.154,5,0.1,0.22,CHC,760500
Tanner Roark,0.198,0,0.091,0.216,WSH,4315000
Jose Urena,0.222,2,0.104,0.229,MIA,535000
Jerad Eickhoff,0.148,0,0.161,0.355,PHI,552000
Pedro Severino,0.105,3,0.172,0.433,WSH,535000
Tyler Glasnow,0.111,3,0.294,0.749,PIT,541000
Robert Gsellman,0.167,4,0.147,0.415,NYM,541750
Kenta Maeda,0.185,4,0.128,0.282,LAD,7375000
Jacob Stallings,0.031,3,0.357,0.938,PIT,535000
Chad Kuhl,0.204,3,0.104,0.268,PIT,550000
Alex Mejia,0.179,3,0.109,0.32,STL,535000
Bronson Arroyo,0.093,0,0.154,0.308,CIN,535000
Johnny Cueto,0.154,3,0.087,0.191,SF,23500000
Vance Worley,0.161,3,0.182,0.364,MIA,535000
Lance Lynn,0.204,0,0.074,0.218,STL,8500000
Kris Negron,0.086,1,0.16,0.5,ARI,535000
Dan Straily,0.204,1,0.073,0.18,MIA,552100
Hyun-Jin Ryu,0.154,0,0.133,0.402,LAD,7833333
Joe Wendle,0.049,5,0.308,0.973,OAK,535000
Max Stassi,0.086,4,0.167,0.781,HOU,535000
Aaron Nola,0.167,1,0.083,0.237,PHI,544000
Alex Verdugo,0.093,1,0.174,0.544,LAD,535000
Antonio Senzatela,0.222,5,0.125,0.281,COL,535000
Seth Lugo,0.124,2,0.138,0.448,NYM,543500
Miguel Andujar,0.031,4,0.571,1.482,NYY,535000
Colin Moran,0.043,3,0.364,1.235,HOU,535000
Rob Segedin,0.08,1,0.2,0.5,LAD,535000
David Freitas,0.037,2,0.235,0.588,ATL,535000
Rafael Bautista,0.105,0,0.16,0.382,WSH,535000
Ildemaro Vargas,0.074,4,0.308,0.692,ARI,535000
Matt Garza,0.148,1,0.086,0.197,MIL,12500000
Gordon Beckham,0.068,0,0.177,0.399,SEA,535000
Jeremy Hellickson,0.185,2,0.091,0.348,BAL,17200000
Craig Stammen,0.37,0,0.5,1.292,SD,900000
Jordan Lyles,0.235,3,0.231,0.516,SD,535000
Tim Federowicz,0.08,3,0.231,0.978,SF,535000
Chris Rusin,0.37,0,0.333,0.667,COL,545000
Alex Wood,0.167,4,0.058,0.15,LAD,2800000
Jon Gray,0.124,3,0.079,0.26,COL,540000
Curt Casali,0.056,3,0.333,1.128,TB,535000
Steven Matz,0.105,1,0.143,0.286,NYM,562250
Christian Walker,0.068,2,0.25,1.233,ARI,535000
Adam Conley,0.136,0,0.125,0.317,MIA,537500
Renato Nunez,0.049,3,0.2,0.65,OAK,535000
Jeff Hoffman,0.142,1,0.091,0.212,COL,535000
Luke Weaver,0.093,1,0.158,0.358,STL,535000
Tim Adleman,0.185,2,0.103,0.241,CIN,535000
Zach Eflin,0.068,2,0.143,0.286,PHI,537000
Steven Brault,0.074,2,0.231,0.538,PIT,535000
Brent Suter,0.142,0,0.167,0.377,MIL,535000
Raudy Read,0.049,0,0.273,0.545,WSH,535000
Jacob Hannemann,0.068,1,0.15,0.45,SEA,535000
Nick Pivetta,0.161,0,0.068,0.136,PHI,535000
Tomas Nido,0.031,3,0.3,0.7,NYM,535000
Luis Castillo,0.093,1,0.1,0.229,CIN,535000
Dinelson Lamet,0.13,0,0.086,0.171,SD,535000
Ryan McMahon,0.105,1,0.158,0.544,COL,535000
Mike Marjama,0.031,1,0.333,1.111,SEA,535000
Taylor Davis,0.049,1,0.231,0.538,CHC,535000
Ervin Santana,0.204,5,0.2,0.5,MIN,13500000
Chris Archer,0.21,1,0.25,0.5,TB,4916666
Brad Peacock,0.21,2,0.286,0.804,HOU,541500
Erik Kratz,0.025,2,1.0,2.5,NYY,535000
Erasmo Ramirez,0.228,1,0.667,1.333,SEA,3125000
Jose Quintana,0.198,4,0.08,0.191,CHC,7000000
Matt Harvey,0.117,1,0.059,0.145,NYM,5125000
Charlie Culberson,0.093,1,0.154,0.497,LAD,550000
Zack Wheeler,0.111,0,0.074,0.218,NYM,800000
Michael Wacha,0.185,3,0.044,0.106,STL,2775000
Micah Johnson,0.111,0,0.2,0.4,ATL,535000
Michael Lorenzen,0.451,1,0.167,0.583,CIN,555000
Mike Foltynewicz,0.179,0,0.048,0.095,ATL,544000
Carlos Perez,0.068,3,0.1,0.393,LAA,547500
Odrisamer Despaigne,0.111,1,0.105,0.211,MIA,535000
Marcus Stroman,0.21,1,0.286,1.143,TOR,3400000
Rafael Montero,0.21,1,0.08,0.16,NYM,541400
A.J. Cole,0.068,0,0.143,0.393,WSH,535000
Noah Syndergaard,0.043,0,0.222,0.639,NYM,605500
Carlos Rodon,0.074,2,0.333,0.833,CHW,600000
Darrell Ceciliani,0.019,3,0.4,1.6,TOR,535000
Zack Godley,0.167,2,0.048,0.139,ARI,535000
Chris Stratton,0.08,0,0.143,0.286,SF,535000
Jake Thompson,0.074,0,0.167,0.481,PHI,535000
Trevor Williams,0.191,0,0.049,0.142,PIT,544000
Jackson Stephens,0.043,2,0.333,0.667,CIN,535000
Chris Flexen,0.086,0,0.154,0.385,NYM,535000
Mark Leiter Jr.,0.167,0,0.08,0.16,PHI,535000
Brandon Woodruff,0.049,0,0.2,0.473,MIL,535000
Ubaldo Jimenez,0.191,0,0.2,0.4,BAL,13500000
Justin Verlander,0.204,1,0.167,0.333,HOU,28000000
Yovani Gallardo,0.173,0,0.5,1.0,SEA,11000000
Ian Kennedy,0.185,0,0.333,0.833,KC,13500000
Brandon McCarthy,0.117,0,0.044,0.197,LAD,11500000
Brett Anderson,0.08,1,0.143,0.393,TOR,535000
Jason Vargas,0.198,0,0.25,0.5,KC,8000000
Jordan Zimmermann,0.179,0,0.167,0.333,DET,18000000
Chris Sale,0.198,0,0.333,1.0,BOS,12000000
Fernando Salas,0.377,0,0.5,1.0,LAA,535000
Wade LeBlanc,0.309,1,0.2,0.4,PIT,750000
David Price,0.099,0,1.0,2.0,BOS,30000000
Michael Pineda,0.105,0,0.333,0.667,NYY,7400000
Danny Duffy,0.148,0,0.5,1.0,KC,5000000
Wei-Yin Chen,0.056,0,0.125,0.25,MIA,15500000
Yu Darvish,0.191,0,0.059,0.17,LAD,11000000
Wade Miley,0.198,0,0.25,0.5,BAL,8916668
Jeurys Familia,0.161,0,1.0,4.0,NYM,7425000
Tom Koehler,0.167,0,0.048,0.095,TOR,5750000
Jake Odorizzi,0.173,1,0.333,0.667,TB,4100000
Hector Rondon,0.377,0,0.5,1.0,CHC,5800000
T.J. McFarland,0.265,0,0.2,0.4,ARI,535000
Andrew Albers,0.056,1,1.0,2.0,SEA,535000
Archie Bradley,0.389,1,0.25,0.5,ARI,544100
Blake Swihart,0.037,0,0.2,0.629,BOS,535000
Robert Stephenson,0.161,0,0.044,0.087,CIN,535000
Chad Bettis,0.056,1,0.091,0.258,COL,545000
Tom Murphy,0.074,1,0.042,0.199,COL,537000
Asher Wojciechowski,0.154,0,0.071,0.143,CIN,535000
John Ryan Murphy,0.031,1,0.143,0.429,ARI,535000
Raisel Iglesias,0.389,0,1.0,3.0,CIN,4214285
Andrew Susac,0.049,0,0.083,0.167,MIL,537400
A.J. Jimenez,0.043,0,0.083,0.167,TEX,535000
Amir Garrett,0.099,1,0.053,0.158,CIN,535000
Tyler Anderson,0.105,0,0.039,0.113,COL,540000
Alex Meyer,0.08,0,0.5,1.0,LAA,535000
Adam Morgan,0.228,0,0.5,1.167,PHI,539000
Sean Newcomb,0.117,0,0.037,0.14,ATL,535000
Daniel Gossett,0.111,0,0.2,0.4,OAK,535000
Matt Boyd,0.161,0,0.333,0.667,DET,544200
Luis Severino,0.191,0,0.2,0.4,NYY,550975
Marco Gonzales,0.068,0,0.5,1.0,SEA,535000
Rocky Gale,0.019,2,0.1,0.5,SD,535000
Sal Romano,0.099,0,0.042,0.163,CIN,535000
Jose Torres,0.383,0,1.0,2.0,SD,535400
Nolan Fontana,0.074,1,0.05,0.374,LAA,535000
Rookie Davis,0.043,0,0.167,0.619,CIN,535000
Jose Berrios,0.161,0,0.2,0.4,MIN,535000
Daniel Mengden,0.043,0,0.5,1.167,OAK,537500
Brock Stewart,0.105,1,0.25,0.5,LAD,537500
Rob Zastryzny,0.025,0,0.333,0.667,CHC,535000
Niko Goodrum,0.068,0,0.059,0.17,MIN,535000
Paolo Espino,0.074,0,0.25,0.5,TEX,535000
Lucas Sims,0.086,0,0.067,0.133,ATL,535000
Breyvic Valera,0.031,0,0.1,0.282,STL,535000
Sam Gaviglio,0.099,0,0.2,0.4,KC,535000
Kevin Shackelford,0.161,0,0.333,0.667,CIN,535000
Chad Wallach,0.037,0,0.091,0.182,CIN,535000
Tyler Mahle,0.025,0,0.143,0.393,CIN,535000
O'Koyea Dickson,0.043,0,0.143,0.476,LAD,535000
Zach Vincej,0.056,0,0.111,0.444,CIN,535000
Clay Buchholz,0.012,0,0.0,0.0,PHI,13500000
Ricky Nolasco,0.204,0,0.0,0.286,LAA,12000000
Anibal Sanchez,0.173,0,0.0,0.0,DET,16800000
C.C. Sabathia,0.167,0,0.0,0.25,NYY,25000000
Cole Hamels,0.148,1,0.0,0.0,TEX,22500000
Miguel Gonzalez,0.167,0,0.0,0.143,TEX,5900000
Tony Sipp,0.284,0,0.0,0.0,HOU,6000000
Rick Porcello,0.204,0,0.0,0.0,BOS,20125000
J.A. Happ,0.154,0,0.0,0.0,TOR,13000000
Juan Nicasio,0.469,0,0.0,0.0,STL,3650000
Jeremy Jeffress,0.377,0,0.0,0.0,MIL,2100000
Blake Wood,0.444,0,0.0,0.0,LAA,1275000
Doug Fister,0.111,0,0.0,0.0,BOS,2200000
Pedro Strop,0.426,0,0.0,0.0,CHC,5500000
George Kontos,0.401,0,0.0,0.0,PIT,1750000
Alex Cobb,0.179,0,0.0,0.0,TB,4200000
Henderson Alvarez,0.019,0,0.0,0.0,PHI,750000
Martin Perez,0.198,0,0.0,0.0,TEX,4650000
Randall Delgado,0.161,0,0.0,0.0,ARI,1775000
Cory Gearrin,0.42,0,0.0,0.0,SF,1050000
Brad Hand,0.444,0,0.0,0.0,SD,1375000
Marco Estrada,0.204,0,0.0,0.0,TOR,14500000
Michael Fiers,0.185,0,0.0,0.0,HOU,3450000
Tony Watson,0.438,0,0.0,0.0,LAD,5600000
Drew Pomeranz,0.198,0,0.0,0.0,BOS,4450000
Javy Guerra,0.099,0,0.0,0.0,MIA,535000
David Phelps,0.333,0,0.0,0.0,SEA,4600000
Quintin Berry,0.043,0,0.0,0.0,MIL,535000
Tyler Skaggs,0.099,0,0.0,0.0,LAA,555000
Luis Avilan,0.377,0,0.0,0.0,LAD,1500000
Justin Grimm,0.309,0,0.0,0.0,CHC,1825000
Sam Freeman,0.358,0,0.0,0.0,ATL,535000
Shelby Miller,0.025,0,0.0,0.333,ARI,4700000
Collin McHugh,0.074,0,0.0,0.0,HOU,3850000
Dallas Keuchel,0.142,0,0.0,0.0,HOU,9150000
Tony Sanchez,0.006,0,0.0,0.0,ATL,535000
Masahiro Tanaka,0.185,0,0.0,0.0,NYY,22000000
Kevin Gausman,0.21,0,0.0,0.0,BAL,3550000
Eduardo Rodriguez,0.154,0,0.0,0.0,BOS,584500
A.J. Schugel,0.198,0,0.0,0.5,PIT,535000
J.C. Ramirez,0.167,0,0.0,0.0,LAA,550000
Ian Krol,0.315,0,0.0,0.0,ATL,900000
Jarred Cosart,0.043,0,0.0,0.0,SD,566300
Scott Alexander,0.358,0,0.0,0.0,KC,535000
Matt Shoemaker,0.086,0,0.0,0.0,LAA,3325000
Ross Stripling,0.315,0,0.0,0.0,LAD,540000
A.J. Griffin,0.111,0,0.0,0.167,TEX,2000000
Pedro Baez,0.407,1,0.0,0.5,LAD,550000
Nick Martinez,0.142,0,0.0,0.5,TEX,540590
Tyler Lyons,0.309,0,0.0,0.5,STL,549800
Terrance Gore,0.074,0,0.0,0.2,KC,536500
Matt Grace,0.247,0,0.0,0.0,WSH,535000
Kendall Graveman,0.117,0,0.0,0.0,OAK,545000
Enny Romero,0.327,0,0.0,0.0,WSH,551000
Nik Turley,0.062,0,0.0,0.0,MIN,535000
Chasen Shreve,0.272,0,0.0,0.0,NYY,552425
Brandon Finnegan,0.031,0,0.0,0.0,CIN,567000
C.J. Edwards,0.457,0,0.0,0.0,CHC,556000
Michael Feliz,0.284,0,0.0,0.0,HOU,546200
Justin Nicolino,0.124,0,0.0,0.0,MIA,535000
Gabriel Ynoa,0.056,0,0.0,0.0,BAL,535000
Luke Jackson,0.265,0,0.0,0.0,ATL,535000
Ryan Tepera,0.451,0,0.0,0.0,TOR,542700
Josh Smoker,0.333,0,0.0,0.0,NYM,536625
Lance McCullers,0.136,0,0.0,0.0,HOU,548000
Josh Ravin,0.086,0,0.0,0.0,LAD,545000
Matt Wisler,0.124,0,0.0,0.0,ATL,535000
Erick Fedde,0.019,0,0.0,0.0,WSH,535000
Jack Flaherty,0.037,0,0.0,0.0,STL,535000
A.J. Reed,0.012,0,0.0,0.0,HOU,535000
Cody Reed,0.074,0,0.0,0.0,CIN,537000
Brian Ellington,0.259,0,0.0,0.0,MIA,535000
Kyle Barraclough,0.407,0,0.0,0.0,MIA,536500
John Gant,0.043,0,0.0,0.0,STL,536600
Michael Fulmer,0.154,0,0.0,0.0,DET,551900
Steven Okert,0.272,0,0.0,0.0,SF,536500
Edubray Ramos,0.37,0,0.0,0.0,PHI,540000
Blake Snell,0.148,0,0.0,0.167,TB,545000
Austin Brice,0.136,0,0.0,0.0,CIN,535000
Nick Wittgren,0.235,0,0.0,0.0,MIA,535000
Johnny Barbato,0.148,0,0.0,0.0,PIT,535000
Jharel Cotton,0.148,0,0.0,0.0,OAK,535000
Joe Musgrove,0.235,0,0.0,0.0,HOU,543400
Deck McGuire,0.037,1,0.0,0.0,CIN,535000
Joseph Biagini,0.272,1,0.0,0.0,TOR,535000
Braden Shipley,0.062,0,0.0,0.0,ARI,535000
Chris Smith,0.086,0,0.0,0.0,OAK,535000
Chris O'Grady,0.08,0,0.0,0.0,MIA,535000
Chris Devenski,0.383,0,0.0,0.0,HOU,554500
Sean Manaea,0.179,0,0.0,0.25,OAK,537500
Junior Guerra,0.13,0,0.0,0.0,MIL,546200
Albert Suarez,0.111,0,0.0,0.0,SF,535000
Edwin Diaz,0.407,0,0.0,0.0,SEA,545000
Ariel Miranda,0.198,0,0.0,0.0,SEA,540500
Alberto Rosario,0.019,0,0.0,0.0,STL,535000
James Hoyt,0.265,0,0.0,0.0,HOU,535000
Felix Pena,0.154,0,0.0,0.25,CHC,535000
Casey Lawrence,0.167,0,0.0,0.0,SEA,535000
Anthony Banda,0.049,0,0.0,0.0,ARI,535000
Max Fried,0.062,0,0.0,0.125,ATL,535000
Jake Junis,0.124,0,0.0,0.0,KC,535000
Ricardo Pinto,0.161,0,0.0,0.0,PHI,535000
Paul Blackburn,0.062,0,0.0,0.0,OAK,535000
Josh Hader,0.216,0,0.0,0.0,MIL,535000
Miguel Diaz,0.191,0,0.0,0.0,SD,535000
Dylan Covey,0.111,0,0.0,0.0,CHW,535000
Austin Bibens-Dirkx,0.148,0,0.0,0.0,TEX,535000
Hoby Milner,0.228,0,0.0,0.0,PHI,535000
Ariel Hernandez,0.117,0,0.0,0.0,CIN,535000
Paul Sewald,0.352,0,0.0,0.0,NYM,535000
Jordan Montgomery,0.179,0,0.0,0.4,NYY,535000
Emilio Pagan,0.21,0,0.0,0.0,SEA,535000
Hector Velazquez,0.049,0,0.0,0.0,BOS,535000
John Brebbia,0.309,0,0.0,0.0,STL,535000
Jimmy Yacabonis,0.086,1,0.0,0.0,BAL,535000
Chasen Bradford,0.173,0,0.0,0.0,NYM,535000
Yacksel Rios,0.08,0,0.0,0.0,PHI,535000
Dillon Peters,0.037,0,0.0,0.0,MIA,535000
Luiz Gohara,0.031,0,0.0,0.0,ATL,535000
Jen-Ho Tseng,0.012,1,0.0,0.0,CHC,535000
Aaron Wilkerson,0.019,0,0.0,0.0,MIL,535000
Tim Locastro,0.019,0,0.0,0.0,LAD,535000
