Jugador,Posicion,Juegos,Porcetnaje_juegos,At-bats,Bateos,Home-runs,RBI,Porcentaje_bateo,OPS,Equipo,Sueldo,Agente libre
Whit Merrifield,2B,162,1.0,681,206,16,74,0.303,0.811,KC,1000000,No
Rafael Devers,3B,156,0.963,647,201,32,115,0.311,0.916,BOS,614500,No
D.J. LeMahieu,2B,145,0.895,602,197,26,102,0.327,0.893,NYY,12000000,Si
Xander Bogaerts,SS,155,0.957,614,190,33,117,0.309,0.939,BOS,12000000,No
Ozzie Albies,2B,160,0.988,640,189,24,86,0.295,0.852,ATL,1000000,No
Marcus Semien,SS,162,1.0,656,187,33,92,0.285,0.893,OAK,5900000,No
Ketel Marte,2B,145,0.895,569,187,32,92,0.329,0.981,ARI,2000000,No
Jorge Polanco,SS,153,0.944,631,186,22,79,0.295,0.841,MIN,3583333,No
Nolan Arenado,3B,155,0.957,588,185,41,118,0.315,0.962,COL,26050000,No
Charlie Blackmon,RF,140,0.864,580,182,32,86,0.314,0.94,COL,21333333,No
Jose Abreu,DH,159,0.988,634,180,33,123,0.284,0.834,CHW,16015000,No
Michael Brantley,LF,148,0.914,575,179,22,90,0.311,0.875,HOU,16000000,Si
Nick Castellanos,RF,155,0.957,615,178,27,73,0.289,0.863,CHC,9950000,No
Amed Rosario,SS,157,0.969,616,177,15,72,0.287,0.755,NYM,575500,No
Freddie Freeman,1B,159,0.982,597,176,38,121,0.295,0.938,ATL,21409375,No
Jonathan Villar,2B,162,1.0,642,176,24,73,0.274,0.791,BAL,4825000,No
Mookie Betts,RF,151,0.932,597,176,29,80,0.295,0.915,BOS,20100000,No
J.D. Martinez,DH,148,0.914,575,175,36,105,0.304,0.939,BOS,23750000,No
Trey Mancini,LF,154,0.951,602,175,35,97,0.291,0.899,BAL,575500,No
Ronald Acuna Jr.,LF,156,0.963,626,175,41,101,0.28,0.883,ATL,1000000,No
Anthony Rendon,3B,146,0.901,545,174,34,126,0.319,1.01,WSH,18800000,No
Trevor Story,SS,145,0.895,588,173,35,85,0.294,0.917,COL,5000000,No
David Fletcher,2B,154,0.951,596,173,6,49,0.29,0.734,LAA,561500,No
Starlin Castro,2B,162,1.0,636,172,22,86,0.27,0.736,MIA,11857142,No
Eduardo Escobar,3B,158,0.975,636,171,35,118,0.269,0.831,ARI,6166666,No
Cesar Hernandez,2B,161,0.994,612,171,14,71,0.279,0.741,PHI,7750000,No
Cody Bellinger,RF,156,0.963,558,170,47,115,0.305,1.035,LAD,605000,No
Yulieski Gurriel,1B,146,0.901,564,168,31,104,0.298,0.884,HOU,10400000,No
Tim Anderson,SS,126,0.783,498,167,18,56,0.335,0.865,CHW,1400000,No
Elvis Andrus,SS,147,0.907,600,165,12,72,0.275,0.707,TEX,15250000,No
Eric Hosmer,1B,160,0.988,619,164,22,99,0.265,0.735,SD,21000000,No
Alex Bregman,3B,157,0.969,554,164,41,112,0.296,1.015,HOU,2307166,No
Jeff McNeil,2B,133,0.821,510,162,23,75,0.318,0.916,NYM,567714,No
Jean Segura,SS,146,0.901,576,161,12,60,0.28,0.743,PHI,14950000,No
Leury Garcia,CF,143,0.888,577,161,8,40,0.279,0.688,CHW,1550000,No
Christian Yelich,LF,131,0.809,489,161,44,97,0.329,1.1,MIL,9750000,No
Yoan Moncada,2B,132,0.82,511,161,25,79,0.315,0.915,CHW,575000,No
Hanser Alberto,SS,140,0.864,524,160,12,51,0.305,0.751,BAL,578000,No
Starling Marte,CF,133,0.821,539,159,23,82,0.295,0.845,PIT,10333334,No
Adam Eaton,RF,151,0.932,566,158,15,49,0.279,0.792,WSH,8400000,No
Kevin Pillar,CF,161,0.994,611,158,21,88,0.259,0.719,SF,5800000,No
Jorge Soler,DH,162,1.0,589,156,48,117,0.265,0.922,KC,4666667,No
Eugenio Suarez,3B,159,0.982,575,156,49,103,0.271,0.93,CIN,7285714,No
Paul Goldschmidt,1B,161,0.994,597,155,34,97,0.26,0.821,STL,15500000,No
Tommy Pham,CF,146,0.901,567,155,21,68,0.273,0.818,TB,4100000,No
Eddie Rosario,LF,137,0.846,562,155,32,109,0.276,0.8,MIN,4190000,No
Trea Turner,SS,122,0.753,521,155,19,57,0.298,0.85,WSH,3725000,No
Pete Alonso,1B,161,0.994,597,155,53,120,0.26,0.941,NYM,555000,No
Bryan Reynolds,OF,135,0.833,491,154,16,68,0.314,0.88,PIT,555000,No
Adam Frazier,2B,153,0.944,554,154,10,50,0.278,0.753,PIT,584000,No
Austin Meadows,CF,139,0.858,530,154,33,89,0.291,0.922,TB,557400,No
Kris Bryant,3B,148,0.914,543,153,31,77,0.282,0.903,CHC,12900000,No
Juan Soto,LF,152,0.938,542,153,34,110,0.282,0.949,WSH,578300,No
Kevin Newman,SS,130,0.803,493,152,12,64,0.308,0.8,PIT,557500,No
Gleyber Torres,SS,144,0.889,546,152,38,90,0.278,0.871,NYY,605200,No
Anthony Rizzo,1B,146,0.901,512,150,27,94,0.293,0.924,CHC,11285714,No
Manny Machado,3B,156,0.963,587,150,32,85,0.256,0.796,SD,12000000,Si
Shin-Soo Choo,DH,151,0.932,563,149,24,61,0.265,0.826,TEX,21000000,No
Bryce Harper,RF,157,0.969,573,149,35,114,0.26,0.882,PHI,11538462,Si
Jose Altuve,2B,124,0.765,500,149,31,74,0.298,0.903,HOU,9500000,No
Javier Baez,SS,141,0.87,531,149,29,85,0.281,0.847,CHC,5200000,No
Alex Gordon,LF,150,0.926,556,148,13,76,0.266,0.741,KC,20000000,No
J.T. Realmuto,C,145,0.895,538,148,25,83,0.275,0.82,PHI,5900000,No
Lorenzo Cain,CF,148,0.914,562,146,11,48,0.26,0.697,MIL,15025000,No
Josh Bell,1B,143,0.883,527,146,37,116,0.277,0.936,PIT,587000,No
Hunter Dozier,3B,139,0.858,523,146,26,84,0.279,0.87,KC,567225,No
Jose Iglesias,SS,146,0.901,504,145,11,59,0.288,0.724,CIN,2500000,No
Freddy Galvis,SS,148,0.914,557,145,23,70,0.26,0.734,CIN,4000000,Si
Andrew Benintendi,LF,138,0.852,541,144,13,68,0.266,0.774,BOS,717500,No
Matt Chapman,3B,156,0.963,582,144,36,91,0.247,0.846,OAK,580000,No
Josh Donaldson,3B,157,0.969,549,142,37,94,0.259,0.9,ATL,23000000,Si
Nelson Cruz,DH,120,0.741,454,141,41,108,0.311,1.031,MIN,14000000,Si
Nick Ahmed,SS,159,0.982,556,141,19,82,0.254,0.755,ARI,3662500,No
Michael Conforto,RF,151,0.932,549,141,33,92,0.257,0.856,NYM,4025000,No
George Springer,CF,122,0.753,479,140,39,96,0.292,0.974,HOU,12000000,No
Miguel Cabrera,1B,137,0.851,492,139,12,59,0.283,0.745,DET,30000000,No
Justin Turner,3B,136,0.84,479,139,27,67,0.29,0.881,LAD,19000000,No
Giovanny Urshela,3B,132,0.815,442,139,21,74,0.315,0.89,NYY,555000,No
Victor Robles,OF,156,0.963,546,139,17,65,0.255,0.745,WSH,557800,No
Josh Reddick,RF,142,0.877,501,138,14,56,0.275,0.728,HOU,13000000,No
Avisail Garcia,RF,126,0.778,489,138,20,72,0.282,0.796,TB,4500000,Si
Joey Votto,1B,145,0.895,525,137,15,47,0.261,0.768,CIN,25000000,No
Mike Trout,CF,136,0.84,470,137,45,104,0.292,1.083,LAA,17666667,No
Miguel Rojas,SS,132,0.815,483,137,5,46,0.284,0.71,MIA,3155000,No
Christian Walker,1B,152,0.938,529,137,29,73,0.259,0.825,ARI,559800,No
Wilson Ramos,C,142,0.877,473,136,14,72,0.288,0.768,NYM,7750000,Si
Kolten Wong,2B,148,0.914,478,136,11,59,0.285,0.784,STL,6500000,No
Randal Grichuk,CF,151,0.932,586,136,31,80,0.232,0.738,TOR,8000000,No
Paul DeJong,SS,159,0.982,583,136,30,78,0.233,0.762,STL,1666666,No
Willy Adames,SS,153,0.944,531,135,20,52,0.254,0.735,TB,562400,No
Daniel Santana,2B,130,0.803,474,134,28,81,0.283,0.858,TEX,555000,No
Mike Moustakas,3B,143,0.883,523,133,35,87,0.254,0.845,MIL,7050000,Si
Christian Vazquez,C,138,0.852,482,133,23,72,0.276,0.798,BOS,2850000,No
Corey Seager,SS,135,0.833,489,133,19,87,0.272,0.817,LAD,4000000,No
Kyle Schwarber,LF,155,0.957,529,132,38,92,0.25,0.871,CHC,3390000,No
Max Kepler,CF,136,0.84,524,132,36,90,0.252,0.855,MIN,6000000,No
Renato Nunez,3B,151,0.932,541,132,31,90,0.244,0.771,BAL,562000,No
Ryan Braun,LF,144,0.889,459,131,22,75,0.285,0.849,MIL,19000000,No
Jason Heyward,RF,148,0.914,513,129,21,62,0.252,0.772,CHC,22500000,No
Colin Moran,3B,149,0.92,466,129,13,80,0.277,0.751,PIT,579500,No
Matt Olson,1B,127,0.784,482,129,36,91,0.268,0.897,OAK,575000,No
Rhys Hoskins,1B,160,0.988,570,129,29,85,0.226,0.819,PHI,575000,No
Kole Calhoun,RF,152,0.938,552,128,33,74,0.232,0.792,LAA,10500000,No
Adam Jones,CF,137,0.846,485,126,16,67,0.26,0.728,ARI,4500000,Si
Yasmani Grandal,C,153,0.944,513,126,28,77,0.246,0.848,MIL,16000000,Si
Vladimir Guerrero Jr.,3B,124,0.765,464,126,15,69,0.272,0.772,TOR,555000,No
J.D. Davis,3B,140,0.864,410,126,22,57,0.307,0.895,NYM,561420,No
Yolmer Sanchez,3B,149,0.926,496,125,2,43,0.252,0.638,CHW,4625000,No
Eloy Jimenez,OF,123,0.764,468,125,31,79,0.267,0.829,CHW,1833333,No
Ramon Laureano,OF,123,0.759,434,125,24,67,0.288,0.86,OAK,557500,No
Brett Gardner,LF,142,0.877,491,123,28,74,0.251,0.829,NYY,7500000,No
Brandon Belt,1B,157,0.969,526,123,17,57,0.234,0.742,SF,17200000,No
Daniel Murphy,1B,132,0.815,438,122,13,78,0.279,0.78,COL,10000000,Si
Max Muncy,1B,142,0.877,487,122,35,98,0.251,0.889,LAD,575000,No
Dansby Swanson,SS,128,0.79,483,121,17,65,0.251,0.748,ATL,585000,No
Albert Pujols,1B,131,0.809,491,120,23,93,0.244,0.734,LAA,28000000,No
James McCann,C,119,0.739,439,120,18,60,0.273,0.789,CHW,2500000,Si
Ryan McMahon,2B,141,0.87,480,120,24,83,0.25,0.779,COL,560000,No
Brian Anderson,3B,126,0.778,459,120,20,66,0.261,0.811,MIA,585000,No
Omar Narvaez,C,133,0.821,428,119,22,55,0.278,0.813,SEA,581200,No
Nick Markakis,RF,116,0.716,414,118,9,62,0.285,0.776,ATL,4000000,Si
Marcell Ozuna,LF,131,0.809,485,118,29,89,0.243,0.804,STL,12250000,No
Scott Kingery,SS,126,0.778,458,118,19,55,0.258,0.788,PHI,1500000,No
Raimel Tapia,CF,139,0.858,426,117,9,44,0.275,0.724,COL,560000,No
Asdrubal Cabrera,2B,132,0.815,447,116,18,91,0.26,0.783,WSH,555000,Si
Dexter Fowler,CF,150,0.926,487,116,19,67,0.238,0.754,STL,16500000,No
C.J. Cron,1B,125,0.772,458,116,25,78,0.253,0.78,MIN,4800000,No
Mallex Smith,LF,134,0.827,510,116,6,37,0.228,0.635,SEA,578400,No
Harold Ramirez,RF,119,0.735,421,116,11,50,0.276,0.728,MIA,555000,No
Howie Kendrick,LF,122,0.753,334,115,17,62,0.344,0.966,WSH,4000000,No
Evan Longoria,3B,130,0.803,453,115,20,69,0.254,0.762,SF,14500000,No
Eric Sogard,2B,112,0.691,396,115,13,40,0.29,0.81,TB,555000,No
Nomar Mazara,RF,117,0.722,429,115,19,66,0.268,0.786,TEX,3300000,No
Brandon Crawford,SS,147,0.907,500,114,11,59,0.228,0.654,SF,15200000,No
Domingo Santana,RF,122,0.753,451,114,21,69,0.253,0.77,SEA,1950000,No
Yadier Molina,C,113,0.698,419,113,10,57,0.27,0.711,STL,20000000,No
Ian Desmond,CF,140,0.864,443,113,20,65,0.255,0.788,COL,15000000,No
Jorge Alfaro,C,131,0.809,431,113,18,57,0.262,0.736,MIA,570000,No
David Dahl,LF,101,0.624,374,113,15,61,0.302,0.877,COL,560000,No
Luke Voit,1B,118,0.728,429,113,21,62,0.263,0.842,NYY,573200,No
Todd Frazier,3B,133,0.821,447,112,21,67,0.251,0.772,NYM,9000000,No
Marwin Gonzalez,3B,116,0.716,425,112,15,55,0.264,0.736,MIN,12000000,Si
Joc Pederson,LF,149,0.92,450,112,36,74,0.249,0.876,LAD,5000000,No
Mark Canha,CF,126,0.778,409,112,26,59,0.274,0.916,OAK,2050000,No
Jonathan Schoop,2B,122,0.753,433,111,23,59,0.256,0.777,MIN,7500000,Si
Jackie Bradley Jr.,CF,148,0.914,494,111,21,62,0.225,0.738,BOS,8550000,No
Orlando Arcia,SS,152,0.938,494,110,15,59,0.223,0.633,MIL,565700,No
Shohei Ohtani,DH,106,0.654,384,110,18,62,0.287,0.848,LAA,650000,No
Adalberto Mondesi,SS,102,0.63,415,109,9,62,0.263,0.715,KC,576000,No
Luis Arraez,2B,92,0.568,326,109,4,28,0.334,0.838,MIN,555000,No
Dee Gordon,2B,118,0.728,393,108,3,34,0.275,0.663,SEA,13300000,No
Brian Goodwin,RF,136,0.84,413,108,17,47,0.262,0.796,LAA,583500,No
Joe Panik,2B,142,0.877,438,107,5,39,0.244,0.651,NYM,555000,Si
Rougned Odor,2B,146,0.901,522,107,30,93,0.205,0.721,TEX,7833333,No
Ji-Man Choi,1B,127,0.784,410,107,19,63,0.261,0.822,TB,850000,No
Garrett Cooper,RF,108,0.667,381,107,15,50,0.281,0.791,MIA,555000,No
Melky Cabrera,LF,133,0.821,378,106,7,47,0.28,0.713,PIT,1150000,No
Khris Davis,DH,136,0.84,480,106,23,73,0.221,0.681,OAK,16500000,No
Fernando Tatis Jr.,SS,84,0.519,334,106,22,53,0.317,0.969,SD,555000,No
Andrelton Simmons,SS,104,0.642,398,105,7,40,0.264,0.673,LAA,13000000,No
David Peralta,LF,100,0.617,382,105,12,57,0.275,0.804,ARI,7000000,No
Niko Goodrum,LF,115,0.714,423,105,12,45,0.248,0.743,DET,670500,No
Buster Posey,C,114,0.704,405,104,7,38,0.257,0.688,SF,22177777,No
Wil Myers,LF,155,0.957,435,104,18,53,0.239,0.739,SD,5500000,No
Aaron Judge,RF,102,0.63,378,103,27,55,0.273,0.921,NYY,684300,No
Harold Castro,3B,97,0.603,353,103,5,38,0.292,0.692,DET,555000,No
Edwin Encarnacion,DH,111,0.685,418,102,34,86,0.244,0.875,NYY,21666668,No
Kevin Kiermaier,CF,129,0.796,447,102,14,55,0.228,0.674,TB,8166666,No
Robbie Grossman,DH,138,0.852,420,101,6,38,0.241,0.684,OAK,2000000,Si
Alex Verdugo,LF,108,0.667,343,101,12,44,0.295,0.817,LAD,560000,No
Mike Yastrzemski,OF,107,0.661,371,101,21,55,0.272,0.852,SF,555000,No
Robinson Cano,2B,107,0.661,390,100,13,39,0.256,0.736,NYM,24000000,No
Jurickson Profar,SS,139,0.858,459,100,20,67,0.218,0.711,OAK,3600000,No
Brian Dozier,2B,135,0.833,416,99,20,50,0.238,0.771,WSH,9000000,Si
Tommy Edman,SS,92,0.568,326,99,11,36,0.304,0.85,STL,555000,No
Anthony Santander,OF,94,0.58,380,99,20,59,0.261,0.773,BAL,555000,No
Eric Thames,1B,149,0.92,396,98,25,61,0.248,0.851,MIL,6000000,No
Enrique Hernandez,CF,130,0.803,414,98,17,64,0.237,0.715,LAD,3725000,No
Willson Contreras,C,105,0.648,360,98,24,64,0.272,0.888,CHC,684000,No
Yordan Alvarez,1B,87,0.537,313,98,27,78,0.313,1.067,HOU,555000,No
Brandon Dixon,1B,118,0.733,391,97,15,52,0.248,0.725,DET,555000,No
Chris Taylor,2B,124,0.765,366,96,12,52,0.262,0.794,LAD,3500000,No
Dan Vogelbach,1B,144,0.889,462,96,30,76,0.208,0.78,SEA,558600,No
Nick Senzel,OF,106,0.654,375,96,12,42,0.256,0.742,CIN,555000,No
Teoscar Hernandez,LF,125,0.772,417,96,26,65,0.23,0.778,TOR,578600,No
Hunter Renfroe,RF,142,0.877,440,95,33,64,0.216,0.778,SD,582100,No
Keston Hiura,2B,84,0.519,314,95,19,49,0.303,0.938,MIL,555000,No
Matt Carpenter,1B,129,0.796,416,94,15,46,0.226,0.726,STL,14750000,No
Tony Wolters,C,122,0.753,359,94,1,42,0.262,0.666,COL,960000,No
Miguel Sano,3B,105,0.648,380,94,34,79,0.247,0.923,MIN,2650000,No
Kyle Seager,3B,107,0.661,393,93,23,63,0.237,0.784,SEA,19500000,No
Manuel Margot,CF,151,0.932,398,93,12,37,0.234,0.691,SD,577100,No
Jarrod Dyson,CF,130,0.803,400,92,7,27,0.23,0.633,ARI,4000000,No
Gary Sanchez,C,106,0.654,396,92,34,77,0.232,0.841,NYY,669800,No
Brandon Drury,3B,121,0.747,418,91,15,41,0.218,0.642,TOR,1300000,No
Maikel Franco,3B,123,0.759,389,91,17,56,0.234,0.705,PHI,5200000,No
Nicholas Lopez,SS,103,0.636,379,91,2,30,0.24,0.601,KC,555000,No
Jesse Winker,LF,113,0.698,338,91,16,38,0.269,0.83,CIN,580000,No
Jose Peraza,SS,141,0.87,376,90,6,33,0.239,0.631,CIN,2775000,No
Jose Martinez,1B,128,0.79,334,90,10,42,0.27,0.751,STL,1125000,No
Delino DeShields,CF,118,0.728,357,89,4,32,0.249,0.672,TEX,1400000,No
Stephen Piscotty,RF,95,0.586,357,89,13,44,0.249,0.72,OAK,7333333,No
Neil Walker,1B,115,0.71,337,88,8,38,0.261,0.738,MIA,2000000,Si
Travis d'Arnaud,C,103,0.636,351,88,16,69,0.251,0.745,TB,555000,Si
Michael Chavis,3B,95,0.586,347,88,18,58,0.254,0.766,BOS,555000,No
Robinson Chirinos,C,114,0.704,366,87,17,58,0.238,0.79,HOU,5750000,Si
Lourdes Gurriel Jr.,2B,85,0.525,314,87,20,50,0.277,0.869,TOR,1928571,No
Justin Smoak,1B,124,0.765,414,86,22,61,0.208,0.748,TOR,8000000,No
Tommy La Stella,2B,82,0.506,292,86,16,44,0.295,0.832,LAA,1350000,No
Christin Stewart,LF,104,0.646,368,86,10,40,0.234,0.695,DET,556400,No
Rio Ruiz,3B,127,0.784,370,86,12,46,0.232,0.682,BAL,558500,No
Dwight Smith Jr.,RF,101,0.624,357,86,13,53,0.241,0.708,BAL,560100,No
Hunter Pence,RF,84,0.519,286,85,18,59,0.297,0.91,TEX,2000000,No
Mitch Garver,C,93,0.574,311,85,31,67,0.273,0.995,MIN,575000,No
Luis Rengifo,SS,108,0.667,357,85,7,33,0.238,0.685,LAA,555000,No
Wilmer Flores,2B,89,0.549,265,84,9,37,0.317,0.848,ARI,3750000,Si
Rowdy Tellez,1B,111,0.685,370,84,21,54,0.227,0.742,TOR,555000,No
Victor Reyes,LF,68,0.422,275,84,3,25,0.306,0.769,DET,555000,No
Willie Calhoun,LF,84,0.519,309,83,21,48,0.269,0.848,TEX,555000,No
Cavan Biggio,2B,100,0.617,354,83,16,48,0.235,0.793,TOR,555000,No
A.J. Pollock,CF,86,0.531,308,82,15,47,0.266,0.795,LAD,4000000,Si
Yandy Diaz,3B,80,0.494,307,82,14,38,0.267,0.816,TB,558400,No
Chad Pinder,LF,125,0.772,340,81,12,45,0.238,0.694,OAK,565000,No
Albert Almora,CF,130,0.803,339,80,12,32,0.236,0.651,CHC,615500,No
Brandon Lowe,2B,84,0.519,296,80,17,51,0.27,0.85,TB,1000000,No
Corey Dickerson,LF,78,0.482,260,79,12,59,0.304,0.906,PHI,8500000,No
Carlos Correa,SS,76,0.469,280,78,21,59,0.279,0.926,HOU,5000000,No
J.P. Crawford,SS,93,0.574,345,78,7,46,0.226,0.684,SEA,555000,No
David Bote,3B,127,0.784,303,78,11,41,0.257,0.785,CHC,571500,No
Didi Gregorius,SS,82,0.506,324,77,16,61,0.238,0.718,NYY,11750000,No
Brock Holt,2B,87,0.537,259,77,3,31,0.297,0.771,BOS,3575000,No
Greg Garcia,2B,134,0.827,311,77,4,31,0.248,0.718,SD,910000,No
Ben Gamel,LF,134,0.827,311,77,7,33,0.248,0.71,MIL,567700,No
Carson Kelly,C,111,0.685,314,77,18,47,0.245,0.826,ARI,560000,No
Cheslor Cuthbert,DH,87,0.537,309,76,9,40,0.246,0.673,KC,850000,No
Pedro Severino,C,96,0.593,305,76,13,44,0.249,0.74,BAL,563500,No
Mitch Moreland,1B,91,0.562,298,75,19,58,0.252,0.835,BOS,6500000,No
Josh Phegley,C,106,0.654,314,75,12,62,0.239,0.693,OAK,1075000,No
Kurt Suzuki,C,85,0.525,280,74,17,63,0.264,0.809,WSH,4000000,Si
Jesus Aguilar,1B,131,0.809,314,74,12,50,0.236,0.714,TB,637500,No
Garrett Hampson,2B,105,0.648,299,74,8,27,0.248,0.686,COL,557000,No
Steve Wilkerson,2B,119,0.735,329,74,10,35,0.225,0.669,BAL,555000,No
Pablo Sandoval,3B,108,0.667,272,73,14,41,0.268,0.82,SF,555000,No
Tucker Barnhart,C,115,0.71,316,73,11,40,0.231,0.708,CIN,2937500,No
Elias Diaz,C,102,0.63,303,73,2,28,0.241,0.603,PIT,578500,No
Logan Forsythe,2B,102,0.63,317,72,7,39,0.227,0.678,TEX,2000000,No
Tim Beckham,3B,89,0.549,304,72,15,47,0.237,0.753,SEA,1800000,Si
Mike Tauchman,CF,87,0.537,260,72,13,47,0.277,0.865,NYY,557000,No
Danny Jansen,C,107,0.661,347,72,13,43,0.208,0.64,TOR,558700,No
Martin Maldonado,C,106,0.654,333,71,12,27,0.213,0.671,HOU,2500000,Si
Donovan Solano,2B,81,0.5,215,71,4,23,0.33,0.815,SF,555000,No
Tom Murphy,C,76,0.469,260,71,18,40,0.273,0.858,SEA,557500,No
Byron Buxton,CF,88,0.543,271,71,10,46,0.262,0.827,MIN,1750000,No
Harrison Bader,RF,129,0.796,347,71,12,39,0.205,0.68,STL,578300,No
Matt Adams,1B,111,0.685,310,70,20,56,0.226,0.741,WSH,3000000,Si
Yan Gomes,C,98,0.605,314,70,12,43,0.223,0.704,WSH,7083333,No
Jacoby Jones,CF,89,0.553,298,70,11,26,0.235,0.74,DET,567100,No
Jon Berti,2B,75,0.463,256,70,6,24,0.273,0.755,MIA,555000,No
Brian McCann,C,85,0.525,277,69,12,45,0.249,0.734,ATL,2000000,Si
Jordy Mercer,SS,74,0.46,255,69,9,22,0.271,0.75,DET,5250000,Si
Billy Hamilton,CF,119,0.735,316,69,0,15,0.218,0.564,ATL,4450000,Si
Jose Osuna,1B,95,0.586,261,69,10,36,0.264,0.766,PIT,573500,No
Cameron Maybin,RF,83,0.512,239,68,11,32,0.285,0.858,NYY,555000,No
Jonathan Lucroy,C,102,0.63,293,68,8,36,0.232,0.66,CHC,555000,Si
Jake Marisnick,CF,120,0.741,292,68,10,34,0.233,0.7,HOU,2212500,No
Jeimer Candelario,3B,94,0.584,334,68,8,32,0.204,0.645,DET,555000,No
Jay Bruce,RF,100,0.617,310,67,26,59,0.216,0.784,PHI,14000000,No
Stephen Vogt,C,99,0.611,255,67,10,40,0.263,0.804,SF,555000,No
Dawel Lugo,SS,77,0.478,272,66,6,26,0.243,0.643,DET,555000,No
Matt Beaty,3B,99,0.611,249,66,9,46,0.265,0.775,LAD,555000,No
Victor Caratini,C,95,0.586,244,65,11,34,0.266,0.794,CHC,569500,No
Gerardo Parra,RF,119,0.735,274,64,9,48,0.234,0.684,WSH,555000,No
Austin Romine,C,73,0.451,228,64,8,35,0.281,0.748,NYY,1800000,No
Phillip Ervin,CF,94,0.58,236,64,7,23,0.271,0.797,CIN,555000,No
Austin Nola,C,79,0.488,238,64,10,31,0.269,0.796,SEA,555000,No
Ryan O'Hearn,1B,105,0.648,328,64,14,38,0.195,0.65,KC,557650,No
Josh Naylor,1B,94,0.58,253,63,8,32,0.249,0.719,SD,555000,No
Tyler Flowers,C,85,0.525,271,62,11,34,0.229,0.733,ATL,4000000,No
Austin Riley,3B,80,0.494,274,62,18,49,0.226,0.75,ATL,555000,No
Joey Gallo,LF,71,0.438,241,61,22,49,0.253,0.986,TEX,605500,No
Bo Bichette,SS,46,0.284,196,61,11,21,0.311,0.93,TOR,555000,No
Ronny Rodriguez,2B,85,0.528,275,61,14,43,0.222,0.693,DET,555000,No
Steven Duggar,CF,74,0.457,261,61,4,28,0.234,0.619,SF,558125,No
Francisco Mejia,C,79,0.488,226,60,8,22,0.266,0.754,SD,556300,No
Clint Frazier,OF,69,0.426,225,60,12,38,0.267,0.806,NYY,563300,No
Matt Joyce,LF,129,0.796,200,59,7,23,0.295,0.858,ATL,1000000,No
Richie Martin,SS,120,0.741,283,59,6,23,0.209,0.581,BAL,555000,No
Adam Haseley,OF,68,0.42,222,59,5,26,0.266,0.72,PHI,555000,No
Curtis Granderson,LF,138,0.852,317,58,12,34,0.183,0.637,MIA,1750000,No
Yonder Alonso,1B,121,0.747,292,58,10,37,0.199,0.641,COL,555000,No
Martin Prado,1B,104,0.642,245,57,2,15,0.233,0.559,MIA,15000000,No
Aledmys Diaz,SS,69,0.426,210,57,9,40,0.271,0.823,HOU,2000000,No
Ian Kinsler,2B,87,0.537,258,56,9,22,0.217,0.646,SD,3750000,Si
Andrew McCutchen,RF,59,0.364,219,56,10,29,0.256,0.834,PHI,10000000,Si
Ronald Guzman,1B,87,0.537,256,56,10,36,0.219,0.723,TEX,569500,No
Chris Davis,1B,106,0.654,307,55,12,36,0.179,0.601,BAL,21065362,No
Jason Castro,C,80,0.494,237,55,13,30,0.232,0.767,MIN,8000000,No
Ehire Adrianza,SS,84,0.519,202,55,5,22,0.272,0.765,MIN,1300000,No
Juan Lagares,CF,133,0.821,258,55,5,27,0.213,0.605,NYM,9000000,No
Joe Wendle,2B,75,0.463,238,55,3,19,0.231,0.633,TB,570400,No
Austin Hedges,C,103,0.636,312,55,11,36,0.176,0.563,SD,2060000,No
Adam Engel,CF,89,0.553,227,55,6,26,0.242,0.687,CHW,571000,No
Mitch Haniger,RF,64,0.395,246,54,15,32,0.22,0.778,SEA,590100,No
Johan Camargo,3B,98,0.605,232,54,7,32,0.233,0.663,ATL,575000,No
Ildemaro Vargas,2B,93,0.574,201,54,6,24,0.269,0.712,ARI,555000,No
Josh VanMeter,2B,96,0.593,228,54,8,23,0.237,0.735,CIN,555000,No
Billy McKinney,OF,84,0.519,251,54,12,28,0.215,0.696,TOR,559400,No
Hernan Perez,2B,91,0.562,232,53,8,18,0.228,0.643,MIL,2500000,No
Aristides Aquino,RF,56,0.346,205,53,19,47,0.259,0.891,CIN,555000,No
Tim Locastro,SS,91,0.562,212,53,1,17,0.25,0.697,ARI,555000,No
Aaron Hicks,CF,59,0.364,221,52,12,36,0.235,0.769,NYY,6285714,No
Curt Casali,C,84,0.519,207,52,8,32,0.251,0.741,CIN,950000,No
Tony Kemp,LF,110,0.679,245,52,8,29,0.212,0.671,CHC,583600,No
David Freese,1B,80,0.494,162,51,11,29,0.315,1.002,LAD,4500000,No
Addison Russell,SS,82,0.506,215,51,9,23,0.237,0.699,CHC,3400000,No
Willians Astudillo,C,58,0.358,190,51,4,21,0.268,0.678,MIN,560000,No
Jake Cave,RF,72,0.444,198,51,8,25,0.258,0.805,MIN,572500,No
Dylan Moore,SS,113,0.698,247,51,9,28,0.207,0.691,SEA,565000,No
Tyler White,1B,83,0.512,240,50,3,23,0.208,0.612,LAD,582900,No
Jacob Stallings,C,73,0.451,191,50,6,13,0.262,0.708,PIT,564000,No
Dominic Smith,1B,90,0.556,177,50,11,25,0.283,0.881,NYM,559320,No
Adeiny Hechavarria,SS,84,0.519,203,49,9,33,0.241,0.742,ATL,1000000,Si
Ender Inciarte,CF,65,0.401,199,49,5,24,0.246,0.74,ATL,5700000,No
Gordon Beckham,2B,83,0.516,223,48,6,15,0.215,0.643,DET,700000,No
Welington Castillo,C,74,0.46,230,48,12,41,0.209,0.684,CHW,7250000,No
Kevan Smith,C,68,0.42,191,48,5,20,0.251,0.71,LAA,572500,No
Alex Dickerson,LF,70,0.432,174,48,6,28,0.276,0.82,SF,555000,No
Ryan Cordell,LF,97,0.603,217,48,7,24,0.221,0.645,CHW,555000,No
Isiah Kiner-Falefa,C,65,0.401,202,48,1,21,0.238,0.62,TEX,569500,No
Luis Urias,SS,71,0.438,215,48,4,24,0.223,0.655,SD,556400,No
Justin Upton,LF,63,0.389,219,47,12,40,0.215,0.724,LAA,18000000,No
Derek Dietrich,2B,113,0.698,251,47,19,43,0.187,0.79,CIN,2000000,No
Russell Martin,C,83,0.512,209,46,6,20,0.22,0.667,LAD,20000000,No
Guillermo Heredia,CF,89,0.549,204,46,5,20,0.226,0.668,TB,782000,No
Yairo Munoz,SS,88,0.543,172,46,2,13,0.267,0.653,STL,562000,No
Ryan Zimmerman,1B,52,0.321,171,44,6,27,0.257,0.736,WSH,18000000,No
Jon Jay,RF,47,0.292,165,44,0,9,0.267,0.626,CHW,4000000,Si
Mike Zunino,C,90,0.556,266,44,9,32,0.165,0.544,TB,4447500,No
Brandon Nimmo,CF,70,0.432,199,44,8,29,0.221,0.783,NYM,598285,No
Daniel Robertson,SS,74,0.457,207,44,2,19,0.213,0.607,TB,570300,No
Austin Barnes,C,75,0.463,212,43,5,25,0.203,0.633,LAD,575000,No
Will Smith,C,54,0.333,170,43,15,42,0.253,0.907,SF,4225000,No
Will Smith,C,54,0.333,170,43,15,42,0.253,0.907,LAD,555000,No
Will Smith,RP,63,0.389,1,1,0,2,1.0,2.0,SF,4225000,No
Will Smith,RP,63,0.389,1,1,0,2,1.0,2.0,LAD,555000,No
Ty France,3B,69,0.426,184,43,7,24,0.234,0.696,SD,555000,No
Kyle Farmer,C,98,0.605,183,42,9,27,0.23,0.689,CIN,557500,No
Grayson Greiner,C,58,0.36,207,42,5,19,0.203,0.561,DET,558600,No
Brad Miller,2B,79,0.488,154,40,13,25,0.26,0.894,PHI,555000,No
Bubba Starling,CF,56,0.346,186,40,4,12,0.215,0.572,KC,555000,No
Ryon Healy,1B,47,0.29,169,40,7,26,0.237,0.744,SEA,579800,No
Austin Slater,LF,68,0.42,168,40,5,21,0.238,0.75,SF,555000,No
Shed Long,INF,42,0.259,152,40,5,15,0.263,0.787,SEA,555000,No
Austin Dean,LF,64,0.395,178,40,6,21,0.225,0.665,MIA,555000,No
Nate Lowe,1B,50,0.309,152,40,7,19,0.263,0.781,TB,555000,No
Ben Zobrist,2B,48,0.296,150,39,1,17,0.26,0.671,CHC,12500000,No
Lewis Brinson,CF,75,0.463,226,39,0,15,0.173,0.457,MIA,570000,No
Joey Rickard,LF,68,0.42,168,38,3,10,0.226,0.669,SF,570000,No
Travis Demeritte,LF,48,0.298,169,38,3,10,0.225,0.63,DET,555000,No
Gregory Polanco,RF,43,0.265,153,37,6,17,0.242,0.726,PIT,6100000,No
Matt Duffy,3B,46,0.284,147,37,1,12,0.252,0.67,TB,2675000,No
Ian Happ,CF,58,0.358,140,37,11,30,0.264,0.898,CHC,603500,No
Marco Hernandez,3B,63,0.389,148,37,2,11,0.25,0.617,BOS,564000,No
Tyler O'Neill,OF,61,0.377,141,37,5,16,0.262,0.723,STL,564000,No
Mike Ford,1B,50,0.309,143,37,12,25,0.259,0.909,NYY,555000,No
Jeff Mathis,C,88,0.543,228,36,2,12,0.158,0.433,TEX,3250000,No
Matt Wieters,C,67,0.414,168,36,11,27,0.214,0.702,STL,1500000,No
Manuel Pina,C,76,0.469,158,36,7,25,0.228,0.724,MIL,1600000,No
Jake Lamb,1B,78,0.482,187,36,6,30,0.193,0.676,ARI,4825000,No
Travis Shaw,3B,86,0.531,230,36,7,16,0.157,0.551,MIL,4675000,No
Erik Gonzalez,2B,53,0.327,142,36,1,6,0.254,0.618,PIT,577000,No
Ryan Goins,2B,52,0.323,144,36,2,10,0.25,0.681,CHW,975000,No
Michael Brosseau,3B,52,0.321,132,36,6,16,0.273,0.781,TB,555000,No
Trent Grisham,RF,51,0.315,156,36,6,24,0.231,0.738,MIL,555000,No
Charlie Culberson,2B,108,0.667,135,35,5,20,0.259,0.731,ATL,1395000,No
Chance Sisco,C,59,0.364,167,35,8,20,0.21,0.729,BAL,555000,No
Alex Avila,C,63,0.389,164,34,9,24,0.207,0.774,ARI,4250000,No
Keon Broxton,RF,100,0.617,204,34,6,16,0.167,0.517,SEA,571765,No
Nick Solak,2B,33,0.204,116,34,5,17,0.293,0.884,TEX,555000,No
Sandy Leon,C,65,0.401,172,33,5,19,0.192,0.548,BOS,2475000,No
Wilmer Difo,SS,43,0.265,131,33,2,8,0.252,0.628,WSH,581100,No
Bryan Holaday,C,45,0.278,116,32,4,12,0.276,0.772,MIA,1250000,No
Adam Duvall,RF,41,0.253,120,32,10,19,0.267,0.882,ATL,2875000,No
Cesar Puello,RF,45,0.278,125,31,4,18,0.248,0.74,MIA,555000,No
Cole Tucker,SS,57,0.352,147,31,2,13,0.211,0.626,PIT,555000,No
Sam Travis,1B,59,0.364,144,31,6,16,0.215,0.656,BOS,558500,No
Matt Thaiss,1B,53,0.327,147,31,8,23,0.211,0.714,LAA,555000,No
Cameron Gallagher,C,46,0.284,126,31,3,12,0.246,0.692,KC,557125,No
Jose Trevino,C,40,0.247,120,31,2,13,0.258,0.655,TEX,555000,No
Isan Diaz,SS,49,0.303,179,31,5,23,0.173,0.566,MIA,555000,No
Francisco Cervelli,C,48,0.296,141,30,3,12,0.213,0.649,ATL,555000,Si
D.J. Stewart,RF,44,0.272,126,30,4,15,0.238,0.698,BAL,555000,No
Timmy Lopes,2B,42,0.259,111,30,1,12,0.27,0.72,SEA,555000,No
Josh Rojas,2B,41,0.253,138,30,2,16,0.217,0.624,ARI,555000,No
Daniel Descalso,2B,82,0.506,168,29,2,15,0.173,0.521,CHC,1500000,Si
Tyler Austin,1B,89,0.549,154,29,9,24,0.188,0.705,MIL,555000,No
Andrew Knapp,C,74,0.457,136,29,2,8,0.213,0.642,PHI,565000,No
Reese McGuire,C,30,0.185,97,29,5,11,0.299,0.872,TOR,555000,No
Mauricio Dubon,SS,30,0.185,106,29,4,9,0.274,0.74,SF,555000,No
Pablo Reyes,LF,72,0.444,143,29,2,19,0.203,0.596,PIT,565500,No
Odubel Herrera,CF,39,0.241,126,28,1,16,0.222,0.629,PHI,5350000,No
Meibrys Viloria,C,42,0.259,133,28,1,15,0.211,0.544,KC,555000,No
Derek Fisher,RF,58,0.358,146,27,7,17,0.185,0.657,TOR,559400,No
Justin Bour,1B,52,0.321,151,26,8,26,0.172,0.623,LAA,2500000,Si
Tomas Nido,C,50,0.309,136,26,4,14,0.191,0.547,NYM,556300,No
Sean Rodriguez,2B,76,0.469,112,25,4,12,0.223,0.723,PHI,555000,No
Chris Owings,2B,67,0.414,180,25,3,14,0.139,0.443,BOS,555000,Si
J.T. Riddle,SS,51,0.315,132,25,6,12,0.189,0.601,MIA,560000,No
Humberto Arteaga,SS,41,0.253,122,24,0,4,0.197,0.487,KC,555000,No
Roman Quinn,CF,44,0.272,108,23,4,11,0.213,0.668,PHI,559000,No
Tyler Wade,2B,43,0.265,94,23,2,11,0.245,0.692,NYY,572000,No
Willi Castro,SS,30,0.186,100,23,1,8,0.23,0.624,DET,555000,No
Michael Taylor,CF,53,0.327,88,22,1,3,0.25,0.669,WSH,3250000,No
Cory Spangenberg,2B,32,0.198,95,22,2,10,0.232,0.635,MIL,1200000,No
Nico Hoerner,SS,20,0.124,78,22,3,17,0.282,0.741,CHC,555000,No
Ryan McBroom,1B,23,0.142,75,22,0,6,0.293,0.721,KC,555000,No
Seth Brown,1B,26,0.161,75,22,0,13,0.293,0.815,OAK,555000,No
Austin Hays,RF,21,0.13,68,21,4,13,0.309,0.947,BAL,555000,No
Nick Martini,RF,32,0.198,93,21,1,7,0.226,0.653,SD,557500,No
Sam Hilliard,RF,27,0.167,77,21,7,13,0.273,1.006,COL,555000,No
Yonathan Daza,RF,44,0.272,97,20,0,3,0.206,0.494,COL,555000,No
Kris Negron,2B,40,0.247,77,19,2,8,0.247,0.63,LAD,555000,No
Kyle Lewis,OF,18,0.111,71,19,6,13,0.268,0.885,SEA,555000,No
Kelvin Gutierrez,3B,20,0.124,73,19,1,11,0.26,0.66,KC,555000,No
Rafael Ortega,LF,34,0.21,88,18,2,10,0.205,0.578,ATL,555000,No
Max Stassi,C,53,0.327,132,18,1,5,0.136,0.378,LAA,590100,No
Kyle Tucker,LF,22,0.136,67,18,4,11,0.269,0.857,HOU,555000,No
Luke Maile,C,46,0.284,119,18,2,9,0.151,0.44,TOR,579000,No
Richard Urena,SS,30,0.185,74,18,0,4,0.243,0.597,TOR,562000,No
Gavin Lux,SS,23,0.142,75,18,2,9,0.24,0.705,LAD,555000,No
Giancarlo Stanton,DH,18,0.111,59,17,3,13,0.288,0.894,NYY,26000000,No
Philip Gosselin,2B,44,0.272,65,17,0,7,0.262,0.602,PHI,555000,No
Brendan Rodgers,SS,25,0.154,76,17,0,7,0.224,0.522,COL,555000,No
Abraham Toro-Hernandez,3B,25,0.154,78,17,2,9,0.218,0.688,HOU,555000,No
Steven Pearce,1B,29,0.179,89,16,1,9,0.18,0.503,BOS,6250000,No
Jedd Gyorko,3B,62,0.383,92,16,2,9,0.174,0.498,LAD,13000000,No
Zack Collins,C,27,0.168,86,16,3,12,0.186,0.656,CHW,555000,No
Nick Williams,RF,67,0.414,106,16,2,5,0.151,0.442,PHI,575000,No
Thairo Estrada,2B,35,0.216,64,16,3,12,0.25,0.732,NYY,555000,No
Jared Walsh,RP,35,0.216,79,16,1,5,0.203,0.605,LAA,555000,No
Pat Valaika,SS,40,0.247,79,15,1,4,0.19,0.572,COL,555000,No
Matt Skole,3B,27,0.168,72,15,0,6,0.208,0.511,CHW,555000,No
Austin Wynns,C,28,0.173,70,15,1,5,0.214,0.518,BAL,558000,No
Luis Guillorme,SS,45,0.278,61,15,1,3,0.246,0.684,NYM,555960,No
Jonathan Davis,CF,37,0.228,83,15,2,6,0.181,0.531,TOR,555000,No
Kevin Cron,1B,39,0.241,71,15,6,16,0.211,0.79,ARI,555000,No
Robel Garcia,2B,31,0.191,72,15,5,11,0.208,0.775,CHC,555000,No
Zack Greinke,SP,36,0.222,50,14,3,8,0.28,0.888,HOU,34500000,No
Austin Allen,C,34,0.21,65,14,0,3,0.215,0.559,SD,555000,No
Jake Rogers,C,35,0.217,112,14,4,8,0.125,0.481,DET,555000,No
Sheldon Neuse,SS,25,0.154,55,14,0,7,0.255,0.609,OAK,555000,No
Steven Brault,SP,34,0.21,42,14,1,2,0.333,0.777,PIT,574500,No
Magneuris Sierra,CF,15,0.093,40,14,0,1,0.35,0.806,MIA,555000,No
Jacob deGrom,SP,34,0.21,65,13,2,6,0.2,0.569,NYM,9500000,No
Steven Matz,SP,36,0.222,57,13,1,1,0.228,0.509,NYM,2625000,No
Sean Murphy,C,19,0.117,52,13,4,8,0.25,0.916,OAK,555000,No
Edwin Rios,1B,28,0.173,47,13,4,8,0.277,1.01,LAD,555000,No
Stephen Strasburg,SP,34,0.21,72,12,1,10,0.167,0.422,WSH,39333334,No
Zack Cozart,3B,39,0.241,97,12,0,7,0.124,0.322,LAA,12666666,No
Tim Federowicz,C,29,0.179,75,12,4,7,0.16,0.559,TEX,555000,No
Zack Wheeler,SP,31,0.191,57,12,1,6,0.211,0.561,NYM,5975000,No
Kenta Maeda,RP,41,0.253,48,12,0,6,0.25,0.542,LAD,8525000,No
Andrew Knizner,C,18,0.111,53,12,2,7,0.226,0.67,STL,555000,No
Kyle Higashioka,C,18,0.111,56,12,3,11,0.214,0.675,NYY,562900,No
Brandon Woodruff,SP,27,0.167,45,12,0,4,0.267,0.638,MIL,561400,No
Chad Wallach,C,19,0.117,48,12,1,3,0.25,0.708,MIA,555000,No
Lane Thomas,CF,34,0.21,38,12,4,12,0.316,1.093,STL,555000,No
Josh Fuentes,1B,24,0.148,55,12,3,7,0.218,0.632,COL,555000,No
Danny Mendick,SS,16,0.099,39,12,2,4,0.308,0.787,CHW,555000,No
John Ryan Murphy,C,26,0.161,63,11,4,7,0.175,0.659,ATL,900000,No
Andrew Stevenson,OF,30,0.185,30,11,0,0,0.367,0.953,WSH,559100,No
German Marquez,SP,29,0.179,48,11,0,11,0.229,0.583,COL,1300000,No
Max Fried,SP,40,0.247,56,11,0,4,0.196,0.53,ATL,565000,No
Breyvic Valera,2B,17,0.105,47,11,1,6,0.234,0.691,TOR,555000,No
LaMonte Wade,CF,26,0.161,56,11,2,5,0.196,0.723,MIN,555000,No
Nick Dini,C,20,0.124,56,11,2,6,0.196,0.627,KC,555000,No
Max Scherzer,SP,29,0.179,55,10,0,2,0.182,0.364,WSH,37505562,No
Jake Elmore,LF,20,0.124,47,10,0,4,0.213,0.479,PIT,555000,No
Michael Lorenzen,RP,106,0.654,48,10,1,6,0.208,0.596,CIN,1950000,No
Jack Flaherty,SP,38,0.235,54,10,0,4,0.185,0.451,STL,562100,No
Corban Joseph,1B,28,0.173,64,10,1,7,0.156,0.441,PIT,555000,No
Caleb Smith,SP,30,0.185,43,10,0,3,0.233,0.529,MIA,556500,No
Michael Perez,C,23,0.142,46,10,0,2,0.217,0.672,TB,556700,No
Jack Mayfield,2B,26,0.161,64,10,2,5,0.156,0.497,HOU,555000,No
Jon Lester,SP,32,0.198,48,9,1,6,0.188,0.556,CHC,27500000,No
Abraham Almonte,CF,17,0.105,31,9,1,4,0.29,0.969,ARI,555000,No
Peter Lambert,SP,22,0.136,28,9,0,2,0.321,0.709,COL,555000,No
Alex Blandino,3B,23,0.142,36,9,1,3,0.25,0.781,CIN,557500,No
Daniel Palka,LF,30,0.186,84,9,2,4,0.107,0.372,CHW,567000,No
Brett Phillips,RF,30,0.185,65,9,2,6,0.139,0.512,KC,555000,No
Jason Martin,OF,20,0.124,36,9,0,2,0.25,0.631,PIT,555000,No
Adam Wainwright,SP,32,0.198,50,8,0,2,0.16,0.409,STL,10000000,No
Madison Bumgarner,SP,37,0.228,63,8,2,4,0.127,0.458,SF,12000000,No
Miles Mikolas,SP,32,0.198,59,8,0,2,0.136,0.288,STL,8750000,No
Hyun-Jin Ryu,SP,30,0.185,51,8,1,3,0.157,0.453,LAD,17900000,No
Caleb Joseph,C,20,0.124,38,8,0,3,0.211,0.513,ARI,1100000,Si
Kyle Hendricks,SP,31,0.191,54,8,0,5,0.148,0.36,CHC,7405000,No
Mason Williams,LF,11,0.068,30,8,0,2,0.267,0.624,BAL,555000,No
Tyler Saladino,SS,28,0.173,65,8,2,8,0.123,0.413,MIL,887500,No
Rangel Ravelo,1B,29,0.179,39,8,2,7,0.205,0.666,STL,555000,No
Taylor Ward,3B,20,0.124,42,8,1,2,0.191,0.625,LAA,555000,No
Zach Davies,SP,35,0.216,52,8,0,3,0.154,0.362,MIL,2600000,No
Joe Musgrove,SP,46,0.284,51,8,0,3,0.157,0.424,PIT,582500,No
Zach Eflin,SP,32,0.198,50,8,0,2,0.16,0.34,PHI,590000,No
Brian O'Grady,LF,28,0.173,42,8,2,3,0.191,0.72,CIN,555000,No
Jake Arrieta,SP,24,0.148,45,7,0,4,0.156,0.352,PHI,25000000,No
Logan Morrison,DH,29,0.179,35,7,2,3,0.2,0.663,PHI,1000000,No
Drew Butera,C,16,0.099,43,7,0,3,0.163,0.462,COL,555000,No
Gorkys Hernandez,LF,21,0.13,49,7,0,2,0.143,0.463,BOS,1000000,No
Cristhian Adames,SS,10,0.062,22,7,0,2,0.318,0.739,SF,555000,No
Sonny Gray,SP,34,0.21,46,7,0,3,0.152,0.383,CIN,7500000,No
Vincent Velasquez,SP,35,0.216,30,7,1,3,0.233,0.615,PHI,2249000,No
Kevin Kramer,SS,22,0.136,42,7,0,5,0.167,0.45,PIT,555000,No
Aaron Nola,SP,34,0.21,59,7,0,2,0.119,0.353,PHI,4500000,No
Domingo Leyba,SS,21,0.13,25,7,0,5,0.28,0.807,ARI,555000,No
Franklin Barreto,SS,23,0.142,57,7,2,5,0.123,0.401,OAK,557500,No
Adrian Sanchez,2B,29,0.179,31,7,0,1,0.226,0.476,WSH,560000,No
Garrett Stubbs,C,19,0.117,35,7,0,2,0.2,0.568,HOU,555000,No
Anthony Bemboom,C,25,0.154,54,7,1,4,0.13,0.349,LAA,555000,No
Seth Mejias-Brean,3B,14,0.086,30,7,2,5,0.233,0.803,SD,555000,No
Dom Nunez,C,16,0.099,39,7,2,4,0.18,0.643,COL,555000,No
Jaylin Davis,RF,17,0.105,42,7,1,3,0.167,0.493,SF,555000,No
Anibal Sanchez,SP,30,0.185,52,6,0,1,0.115,0.231,WSH,10000000,Si
Cole Hamels,SP,27,0.167,42,6,0,4,0.143,0.344,CHC,20000000,No
Jeff Samardzija,SP,32,0.198,50,6,0,1,0.12,0.28,SF,19800000,No
Julio Teheran,SP,35,0.216,55,6,0,4,0.109,0.234,ATL,11166668,No
Patrick Corbin,SP,33,0.204,65,6,0,4,0.092,0.24,WSH,12916666,Si
Michael Wacha,SP,29,0.179,36,6,0,3,0.167,0.361,STL,6350000,No
Anthony DeSclafani,SP,31,0.191,55,6,0,1,0.109,0.218,CIN,2125000,No
Noah Syndergaard,SP,32,0.198,65,6,2,2,0.092,0.332,NYM,6000000,No
Aramis Garcia,C,18,0.111,42,6,2,5,0.143,0.527,SF,555000,No
Taylor Clarke,RP,23,0.142,24,6,1,2,0.25,0.625,ARI,555000,No
Braden Bishop,CF,27,0.167,56,6,0,4,0.107,0.26,SEA,555000,No
Greg Bird,1B,10,0.062,35,6,1,1,0.171,0.55,NYY,1200000,No
Matthew Strahm,SP,48,0.296,21,6,0,1,0.286,0.729,SD,581700,No
Miguel Andujar,3B,12,0.074,47,6,0,1,0.128,0.271,NYY,617600,No
Jake Fraley,OF,13,0.08,40,6,0,1,0.15,0.371,SEA,555000,No
Trevor Williams,SP,26,0.161,36,6,0,4,0.167,0.377,PIT,584000,No
Luis Castillo,SP,32,0.198,62,6,0,0,0.097,0.21,CIN,557500,No
Pablo Lopez,SP,22,0.136,35,6,0,3,0.171,0.4,MIA,555000,No
Randy Arozarena,OF,19,0.117,20,6,1,2,0.3,0.891,STL,555000,No
Rajai Davis,CF,30,0.185,25,5,1,8,0.2,0.631,NYM,655000,No
Clayton Kershaw,SP,29,0.179,49,5,0,1,0.102,0.242,LAD,31000000,No
Mark Trumbo,DH,13,0.08,29,5,0,3,0.172,0.502,BAL,13500000,No
Yu Darvish,SP,31,0.191,56,5,0,3,0.089,0.208,CHC,20000000,No
Jose Quintana,SP,32,0.198,54,5,0,3,0.093,0.204,CHC,10500000,No
Dallas Keuchel,SP,19,0.117,38,5,0,2,0.132,0.312,ATL,21210000,Si
Ryan LaMarre,LF,14,0.086,23,5,2,3,0.217,0.786,MIN,555000,No
Tanner Roark,SP,31,0.191,33,5,1,2,0.152,0.424,OAK,10000000,No
Walker Buehler,SP,30,0.185,59,5,1,2,0.085,0.278,LAD,570000,No
Jeff Hoffman,SP,18,0.111,21,5,0,1,0.238,0.476,COL,555000,No
Anthony Alford,OF,16,0.099,28,5,1,1,0.179,0.519,TOR,555000,No
Franchy Cordero,OF,9,0.056,15,5,0,1,0.333,0.85,SD,560100,No
Sandy Alcantara,SP,33,0.204,58,5,0,4,0.086,0.22,MIA,555000,No
Michael Hermosillo,CF,18,0.111,36,5,0,3,0.139,0.527,LAA,556500,No
Dereck Rodriguez,SP,29,0.179,29,5,0,0,0.172,0.345,SF,561250,No
Chris Paddack,SP,26,0.161,42,5,0,2,0.119,0.238,SD,555000,No
Erick Mejia,2B,9,0.056,22,5,0,4,0.227,0.606,KC,555000,No
Brett Anderson,SP,32,0.198,8,4,0,0,0.5,1.0,OAK,1500000,Si
Chris Archer,SP,24,0.148,35,4,0,2,0.114,0.298,PIT,7666668,No
Jordan Lyles,SP,28,0.173,45,4,0,4,0.089,0.217,MIL,2050000,Si
Chase Anderson,RP,34,0.21,40,4,0,1,0.1,0.268,MIL,6500000,No
Robbie Ray,SP,34,0.21,55,4,0,3,0.073,0.145,ARI,6050000,No
Kaleb Cowart,3B,9,0.056,25,4,0,1,0.16,0.472,LAA,555000,No
Rene Rivera,C,9,0.056,17,4,1,3,0.235,0.762,NYM,555000,No
Jose Pirela,2B,14,0.086,22,4,1,2,0.182,0.614,PHI,575500,No
Michael Soroka,SP,29,0.179,52,4,0,3,0.077,0.22,ATL,555000,No
Tyler Beede,SP,25,0.154,38,4,0,1,0.105,0.276,SF,555000,No
Travis Jankowski,RF,25,0.154,22,4,0,0,0.182,0.432,SD,1165000,No
Eric Lauer,SP,30,0.185,40,4,0,0,0.1,0.272,SD,562500,No
Dakota Hudson,SP,33,0.204,51,4,0,2,0.078,0.175,STL,559100,No
Anthony Gonsolin,P,11,0.068,13,4,0,1,0.308,0.615,LAD,555000,No
Tyrone Taylor,CF,15,0.093,10,4,0,1,0.4,1.1,MIL,555000,No
Rich Hill,SP,13,0.08,18,3,0,1,0.167,0.433,LAD,18666668,No
Jason Vargas,SP,30,0.185,40,3,0,0,0.075,0.15,PHI,8000000,No
Jhoulys Chacin,SP,25,0.154,24,3,1,1,0.125,0.41,BOS,555000,No
Trevor Bauer,SP,34,0.21,19,3,0,0,0.158,0.396,CIN,13000000,No
Tyler Chatwood,RP,41,0.253,18,3,0,1,0.167,0.488,CHC,12500000,No
Jon Gray,SP,27,0.167,47,3,0,1,0.064,0.184,COL,2925000,No
Ronald Torreyes,2B,7,0.043,16,3,0,1,0.188,0.423,MIN,800000,No
Christian Colon,2B,8,0.049,6,3,0,1,0.5,1.125,CIN,555000,No
Ross Stripling,SP,32,0.198,20,3,0,1,0.15,0.377,LAD,595000,No
Luis Torrens,C,7,0.043,14,3,0,0,0.214,0.598,SD,555000,No
Julio Urias,RP,37,0.228,12,3,0,2,0.25,0.558,LAD,565000,No
Joey Lucchesi,SP,30,0.185,48,3,0,1,0.063,0.144,SD,565100,No
Trevor Richards,SP,31,0.191,30,3,0,0,0.1,0.256,TB,570000,No
Donnie Walton,SS,7,0.043,16,3,0,2,0.188,0.503,SEA,555000,No
Dinelson Lamet,SP,14,0.086,21,3,0,0,0.143,0.286,SD,566700,No
Nick Margevicius,P,17,0.105,15,3,0,0,0.2,0.4,SD,555000,No
Tyler Mahle,SP,27,0.167,34,3,0,0,0.088,0.232,CIN,570000,No
Ian Miller,CF,12,0.074,17,3,0,1,0.177,0.412,MIN,555000,No
Kean Wong,2B,7,0.043,18,3,0,0,0.167,0.333,LAA,555000,No
Dustin Pedroia,2B,6,0.037,20,2,0,1,0.1,0.243,BOS,15125000,No
Homer Bailey,SP,33,0.204,5,2,0,1,0.4,0.8,OAK,555000,No
Alex Wood,SP,7,0.043,9,2,0,0,0.222,0.444,CIN,9650000,No
Mike Foltynewicz,SP,21,0.13,35,2,0,1,0.057,0.114,ATL,5475000,No
Juan Centeno,C,7,0.043,15,2,0,2,0.133,0.411,BOS,555000,No
Jameson Taillon,SP,7,0.043,8,2,0,0,0.25,0.5,PIT,587500,No
Joe Ross,SP,28,0.173,19,2,0,0,0.105,0.255,WSH,1000000,No
Kyle Freeland,SP,22,0.136,23,2,0,0,0.087,0.279,COL,565000,No
Erick Fedde,RP,21,0.13,15,2,0,0,0.133,0.267,WSH,555000,No
Luke Weaver,SP,13,0.08,19,2,1,4,0.105,0.363,ARI,581300,No
Trent Thornton,SP,32,0.198,3,2,0,0,0.667,1.333,TOR,555000,No
Steve Baron,C,7,0.043,10,2,0,1,0.2,0.5,PIT,555000,No
Tim Melville,SP,7,0.043,8,2,0,2,0.25,0.5,COL,555000,No
Cal Quantrill,SP,23,0.142,25,2,0,1,0.08,0.195,SD,555000,No
Corbin Burnes,RP,32,0.198,7,2,0,0,0.286,0.571,MIL,562800,No
Bryse Wilson,SP,6,0.037,9,2,0,0,0.222,0.444,ATL,565000,No
Zac Gallen,SP,15,0.093,19,2,0,1,0.105,0.211,ARI,555000,No
Jake Noll,2B,8,0.049,12,2,0,2,0.167,0.481,WSH,555000,No
Shaun Anderson,RP,28,0.173,25,2,0,0,0.08,0.235,SF,555000,No
Edmundo Sosa,SS,8,0.049,8,2,0,0,0.25,0.65,STL,555000,No
Nick Pivetta,RP,30,0.185,25,2,0,0,0.08,0.195,PHI,598000,No
Brendan McKay,SP,18,0.111,10,2,1,1,0.2,0.773,TB,555000,No
Dario Agrazal,SP,15,0.093,22,2,0,2,0.091,0.178,PIT,555000,No
Jacob Nottingham,C,9,0.056,6,2,1,4,0.333,1.262,MIL,555000,No
Freddy Peralta,RP,40,0.247,15,2,0,1,0.133,0.267,MIL,564600,No
Gregory Soto,RP/CL,34,0.211,2,2,0,0,1.0,2.0,DET,555000,No
Alex McRae,P,11,0.068,6,2,0,0,0.333,0.667,PIT,555000,No
Abiatal Avelino,SS,4,0.025,7,2,0,1,0.286,0.661,SF,555000,No
Zach Green,1B,8,0.049,14,2,0,1,0.143,0.464,SF,555000,No
Francisco Liriano,RP,69,0.426,1,1,0,0,1.0,2.0,PIT,1800000,No
Trevor Cahill,RP,39,0.241,3,1,0,0,0.333,0.667,LAA,9000000,Si
Jesse Chavez,RP,48,0.296,2,1,0,0,0.5,1.0,TEX,4000000,Si
Luis Perdomo,RP,47,0.29,7,1,0,1,0.143,0.286,SD,555000,No
Derek Holland,RP,53,0.327,14,1,0,0,0.071,0.205,CHC,6500000,Si
Mike Leake,SP,32,0.198,21,1,0,1,0.048,0.139,ARI,16000000,No
Gio Gonzalez,SP,19,0.117,25,1,0,0,0.04,0.117,MIL,2000000,Si
Jeremy Hellickson,RP,9,0.056,9,1,0,0,0.111,0.384,WSH,1900000,Si
David Price,SP,22,0.136,2,1,0,1,0.5,1.0,BOS,31000000,No
Danny Duffy,SP,23,0.142,4,1,0,0,0.25,0.5,KC,15250000,No
Wilmer Font,RP,48,0.296,3,1,0,0,0.333,0.667,TOR,560400,No
Brad Brach,RP,59,0.364,4,1,0,1,0.25,0.5,NYM,555000,Si
Oliver Drake,RP,50,0.309,1,1,0,1,1.0,2.0,TB,566100,No
Mike Montgomery,SP,34,0.21,6,1,0,0,0.167,0.333,KC,2440000,No
Kevin Gausman,RP,31,0.191,27,1,0,0,0.037,0.074,CIN,9350000,No
Marcus Stroman,SP,32,0.198,23,1,0,0,0.044,0.087,NYM,7400000,No
Tyler Anderson,SP,5,0.031,7,1,0,0,0.143,0.286,COL,2625000,No
Daniel Norris,SP,33,0.205,6,1,0,0,0.167,0.333,DET,1275000,No
Chi Chi Gonzalez,SP,14,0.086,24,1,0,2,0.042,0.083,COL,555000,No
Chris Shaw,1B,16,0.099,18,1,0,0,0.056,0.206,SF,555000,No
Alex Young,SP,17,0.105,25,1,0,0,0.04,0.08,ARI,555000,No
Skye Bolt,CF,5,0.031,10,1,0,0,0.1,0.382,OAK,555000,No
Ryan Helsley,P,24,0.148,3,1,0,0,0.333,0.667,STL,555000,No
Matt Boyd,SP,33,0.205,2,1,0,0,0.5,1.0,DET,2600000,No
Marco Gonzales,SP,35,0.216,5,1,0,0,0.2,0.6,SEA,900000,No
Adrian Houser,SP,35,0.216,22,1,0,0,0.046,0.216,MIL,555000,No
Antonio Senzatela,SP,25,0.154,40,1,0,3,0.025,0.074,COL,560000,No
Alec Mills,RP,9,0.056,12,1,0,0,0.083,0.167,CHC,555000,No
Seth Lugo,RP,61,0.377,1,1,0,1,1.0,2.0,NYM,591875,No
Ruben Alaniz,RP,12,0.074,1,1,0,1,1.0,2.0,CIN,555000,No
Johnny Davis,CF,8,0.049,4,1,0,0,0.25,1.0,TB,555000,No
Junior Guerra,RP,72,0.444,3,1,0,0,0.333,0.667,MIL,2225000,No
Dustin May,RP,14,0.086,11,1,0,0,0.091,0.182,LAD,555000,No
Jon Duplantier,P,15,0.093,8,1,0,0,0.125,0.25,ARI,555000,No
Cole Irvin,P,16,0.099,6,1,0,0,0.167,0.542,PHI,555000,No
Lucas Giolito,SP,29,0.18,4,1,0,2,0.25,0.5,CHW,573000,No
Brock Stewart,RP,13,0.08,3,1,0,0,0.333,1.0,TOR,565000,No
David Freitas,C,17,0.105,15,1,0,1,0.067,0.317,MIL,558500,No
Austin Voth,SP,9,0.056,9,1,0,1,0.111,0.222,WSH,556000,No
Raudy Read,C,6,0.037,11,1,0,0,0.091,0.182,WSH,556000,No
Lucas Sims,RP/CL,24,0.148,8,1,0,0,0.125,0.25,CIN,555000,No
Chris Flexen,SP,9,0.056,2,1,0,0,0.5,1.0,NYM,555000,No
Kyle McGowin,SP,7,0.043,3,1,0,0,0.333,0.667,WSH,555000,No
Mike Gerber,OF,12,0.074,24,1,0,0,0.042,0.199,SF,555000,No
Walker Lockett,RP,9,0.056,6,1,0,0,0.167,0.452,NYM,555000,No
John Brebbia,RP,66,0.407,1,1,0,0,1.0,2.0,STL,569300,No
Ranger Suarez,RP,37,0.228,4,1,0,0,0.25,0.5,PHI,555000,No
Jesus Tinoco,RP,24,0.148,5,1,0,0,0.2,0.4,COL,555000,No
Brad Keller,SP,28,0.173,8,1,0,1,0.125,0.347,KC,578175,No
Elieser Hernandez,SP,21,0.13,19,1,0,0,0.053,0.153,MIA,555000,No
Drew Gagnon,RP,18,0.111,3,1,0,0,0.333,0.667,NYM,555000,No
Caleb Ferguson,RP,46,0.284,2,1,0,0,0.5,1.5,LAD,560000,No
John Means,RP,31,0.191,1,1,0,0,1.0,2.0,BAL,555500,No
Jordan Yamamoto,P,16,0.099,21,1,0,1,0.048,0.139,MIA,555000,No
Logan Webb,SP,9,0.056,9,1,0,0,0.111,0.311,SF,555000,No
Merrill Kelly,RP,32,0.198,52,1,0,2,0.019,0.075,ARI,2000000,No
Deivy Grullon,C,4,0.025,9,1,0,1,0.111,0.333,PHI,555000,No
Montana DuRapau,P,14,0.086,4,1,0,0,0.25,0.5,PIT,555000,No
Yusmeiro Petit,RP,80,0.494,1,0,0,0,0.0,0.0,OAK,5500000,No
Justin Verlander,SP,34,0.21,2,0,0,0,0.0,0.0,HOU,28075000,No
C.C. Sabathia,SP,24,0.148,3,0,0,0,0.0,0.0,NYY,8000000,No
Felix Hernandez,SP,15,0.093,3,0,0,0,0.0,0.0,SEA,27857142,No
Edwin Jackson,SP,18,0.112,3,0,0,0,0.0,0.0,DET,555000,No
Jed Lowrie,2B,9,0.056,7,0,0,0,0.0,0.125,NYM,8500000,Si
Johnny Cueto,SP,4,0.025,4,0,0,0,0.0,0.0,SF,21000000,No
Rick Porcello,SP,32,0.198,6,0,0,0,0.0,0.0,BOS,21125000,No
Carlos Martinez,RP,48,0.296,1,0,0,0,0.0,0.0,STL,11700000,No
J.A. Happ,SP,32,0.198,3,0,0,0,0.0,0.0,NYY,17000000,Si
Ross Detwiler,RP,18,0.112,2,0,0,0,0.0,0.0,CHW,555000,No
Jordan Zimmermann,SP,23,0.143,2,0,0,0,0.0,0.0,DET,25000000,No
Mike Minor,SP,33,0.204,9,0,0,0,0.0,0.0,TEX,9833333,No
Andrew Cashner,RP,42,0.259,3,0,0,0,0.0,0.0,BOS,12500000,No
Josh Tomlin,RP,51,0.315,6,0,0,0,0.0,0.0,ATL,1000000,No
Juan Nicasio,RP,47,0.29,2,0,0,0,0.0,0.0,PHI,9250000,No
Steve Cishek,RP,70,0.432,2,0,0,0,0.0,0.0,CHC,6500000,No
Ivan Nova,SP,34,0.211,5,0,0,0,0.0,0.0,CHW,9166668,No
Charlie Morton,SP,33,0.204,2,0,0,0,0.0,0.0,TB,15000000,Si
Craig Stammen,RP,76,0.469,1,0,0,0,0.0,0.0,SD,2250000,No
Kenley Jansen,RP/CL,62,0.383,1,0,0,0,0.0,0.0,LAD,19333334,No
Michael Pineda,SP,26,0.161,4,0,0,0,0.0,0.0,MIN,8000000,No
Corey Kluber,SP,7,0.043,1,0,0,0,0.0,0.0,TEX,17700000,No
Garrett Richards,SP,3,0.019,2,0,0,0,0.0,0.0,SD,7000000,Si
Sean Doolittle,RP,63,0.389,3,0,0,0,0.0,0.0,WSH,6000000,No
Tom Milone,SP,23,0.142,2,0,0,0,0.0,0.0,SEA,555000,No
Martin Perez,SP,32,0.198,3,0,0,0,0.0,0.0,MIN,3500000,Si
Wei-Yin Chen,RP,45,0.278,5,0,0,0,0.0,0.0,MIA,20000000,No
Jared Hughes,RP,72,0.444,2,0,0,0,0.0,0.0,PHI,2125000,No
Drew Pomeranz,RP,46,0.284,19,0,0,0,0.0,0.0,MIL,1500000,Si
Lance Lynn,SP,33,0.204,2,0,0,0,0.0,0.0,TEX,9333333,Si
Nathan Eovaldi,SP,23,0.142,2,0,0,0,0.0,0.0,BOS,17000000,Si
Javy Guerra,RP,51,0.315,3,0,0,0,0.0,0.0,WSH,800000,No
Wade Miley,SP,33,0.204,4,0,0,0,0.0,0.2,HOU,5000000,Si
Drew Smyly,SP,25,0.154,19,0,0,0,0.0,0.05,PHI,7000000,No
Blake Parker,RP,60,0.37,1,0,0,0,0.0,0.0,PHI,555000,Si
Joe Kelly,RP,55,0.34,2,0,0,0,0.0,0.0,LAD,3000000,Si
Dylan Bundy,SP,30,0.185,2,0,0,0,0.0,0.0,BAL,2800000,No
Nick Vincent,RP,32,0.198,3,0,0,0,0.0,0.0,PHI,555000,No
Jake Odorizzi,SP,30,0.185,2,0,0,0,0.0,0.0,MIN,9500000,No
Kyle Gibson,SP,34,0.21,1,0,0,0,0.0,0.5,MIN,8125000,No
T.J. McFarland,RP,51,0.315,3,0,0,0,0.0,0.0,ARI,1400000,No
Robbie Erlin,RP,37,0.228,4,0,0,0,0.0,0.0,SD,1450000,No
Gerrit Cole,SP,34,0.21,7,0,0,0,0.0,0.0,HOU,13500000,No
Masahiro Tanaka,SP,32,0.198,1,0,0,0,0.0,0.0,NYY,22000000,No
Eduardo Rodriguez,SP,34,0.21,7,0,0,0,0.0,0.0,BOS,4325000,No
Archie Bradley,CL,66,0.407,1,0,0,0,0.0,0.0,ARI,1830000,No
Matt Barnes,RP,70,0.432,1,0,0,0,0.0,0.0,BOS,1600000,No
Chris Bassitt,SP,28,0.173,4,0,0,0,0.0,0.0,OAK,565000,No
Robert Stephenson,RP,57,0.352,1,0,0,0,0.0,0.0,CIN,565000,No
Austin Adams,RP,30,0.185,1,0,0,0,0.0,0.0,SEA,555000,No
Chad Bettis,SP,39,0.241,5,0,0,0,0.0,0.286,COL,3325000,No
Scott Oberg,RP,49,0.303,1,0,0,0,0.0,0.0,COL,1300000,No
Asher Wojciechowski,SP,17,0.105,1,0,0,0,0.0,0.0,BAL,555000,No
Aaron Brooks,SP,29,0.179,3,0,0,0,0.0,0.0,BAL,560000,No
James Paxton,SP,29,0.179,5,0,0,1,0.0,0.0,NYY,8575000,No
Roenis Elias,RP,48,0.296,1,0,0,0,0.0,0.0,WSH,910000,No
Marcus Walden,RP,70,0.432,1,0,0,0,0.0,0.0,BOS,555000,No
Raisel Iglesias,RP/CL,68,0.42,2,0,0,0,0.0,0.0,CIN,6000000,No
Jimmy Nelson,RP,10,0.062,3,0,0,0,0.0,0.0,MIL,3700000,No
Aaron Sanchez,SP,30,0.185,2,0,0,0,0.0,0.0,HOU,3900000,No
Casey Sadler,RP,33,0.204,3,0,0,0,0.0,0.0,LAD,555000,No
Tyler Lyons,RP,14,0.086,1,0,0,0,0.0,0.0,NYY,555000,No
Matt Andriese,RP,54,0.333,6,0,0,0,0.0,0.0,ARI,920000,No
Felipe Vazquez,RP,56,0.346,2,0,0,0,0.0,0.0,PIT,4500000,No
Burch Smith,RP,17,0.105,1,0,0,0,0.0,0.0,SF,555000,No
Kyle Ryan,RP,73,0.451,2,0,0,0,0.0,0.333,CHC,555000,No
Yimi Garcia,RP,64,0.395,2,0,0,0,0.0,0.0,LAD,710000,No
Jose Urena,RP,25,0.154,19,0,0,0,0.0,0.05,MIA,3200000,No
Frankie Montas,SP,16,0.099,1,0,0,0,0.0,0.5,OAK,560000,No
Adam Conley,RP,60,0.37,1,0,0,0,0.0,0.0,MIA,1125000,No
Domingo German,SP,27,0.167,8,0,0,0,0.0,0.0,NYY,577500,No
Hector Neris,RP,68,0.42,1,0,0,0,0.0,0.0,PHI,1800000,No
Jandel Gustave,RP,23,0.142,1,0,0,0,0.0,0.0,SF,555000,No
Trevor Gott,RP,50,0.309,1,0,0,0,0.0,0.0,SF,567500,No
Matt Wisler,RP,44,0.272,1,0,0,0,0.0,0.0,SEA,570000,No
Carson Fulmer,RP,20,0.124,1,0,0,0,0.0,0.0,CHW,555000,No
Kolby Allard,SP,9,0.056,2,0,0,0,0.0,0.0,TEX,555000,No
Andrew Suarez,RP,21,0.13,3,0,0,0,0.0,0.0,SF,555000,No
Sean Newcomb,RP,55,0.34,8,0,0,0,0.0,0.0,ATL,575000,No
Touki Toussaint,RP,24,0.148,9,0,0,0,0.0,0.0,ATL,555000,No
Justus Sheffield,SP,8,0.049,2,0,0,0,0.0,0.0,SEA,555000,No
Spencer Turnbull,SP,30,0.186,8,0,0,0,0.0,0.0,DET,556100,No
Mitch Keller,SP,11,0.068,10,0,0,0,0.0,0.0,PIT,555000,No
Brian Johnson,RP,22,0.136,1,0,0,0,0.0,0.0,BOS,575000,No
Jay Jackson,RP,28,0.173,2,0,0,0,0.0,0.0,MIL,1000000,No
Jorge Lopez,SP,39,0.241,1,0,0,0,0.0,0.0,KC,562250,No
Luis Cessa,RP,43,0.265,1,0,0,0,0.0,0.0,NYY,578975,No
John Gant,RP,64,0.395,3,0,0,0,0.0,0.0,STL,571300,No
Sal Romano,RP,12,0.074,2,0,0,0,0.0,0.0,CIN,555000,No
Chris Stratton,SP,35,0.216,4,0,0,0,0.0,0.0,PIT,567500,No
Tyler Glasnow,SP,12,0.074,2,0,0,0,0.0,0.0,TB,566700,No
Jarlin Garcia,RP,53,0.327,1,0,0,0,0.0,0.0,MIA,555000,No
Randy Rosario,RP,19,0.117,1,0,0,0,0.0,0.0,KC,564000,No
Matthew Bowman,RP,27,0.167,1,0,0,0,0.0,0.0,CIN,555000,No
Jose Berrios,SP,32,0.198,4,0,0,0,0.0,0.2,MIN,620000,No
Chad Green,RP,54,0.333,1,0,0,0,0.0,0.0,NYY,598650,No
Daniel Mengden,RP,13,0.08,2,0,0,0,0.0,0.0,OAK,555000,No
Jeremy Walker,P,6,0.037,1,0,0,0,0.0,0.0,ATL,555000,No
Tres Barrera,C,2,0.012,2,0,0,0,0.0,0.0,WSH,555000,No
Adrian Sampson,RP,35,0.216,2,0,0,0,0.0,0.0,TEX,555000,No
T.J. Zeuch,SP,5,0.031,1,0,0,0,0.0,0.0,TOR,555000,No
Justin Dunn,P,4,0.025,1,0,0,0,0.0,0.0,SEA,555000,No
Tanner Rainey,P,52,0.321,1,0,0,0,0.0,0.0,WSH,555000,No
Dylan Floro,RP/CL,50,0.309,2,0,0,0,0.0,0.0,LAD,565000,No
Adrian Morejon,P,5,0.031,1,0,0,0,0.0,0.0,SD,555000,No
Donnie Hart,RP,5,0.031,2,0,0,0,0.0,0.0,NYM,555000,No
Joel Kuhnel,P,12,0.074,1,0,0,0,0.0,0.0,CIN,555000,No
Reynaldo Lopez,SP,33,0.205,4,0,0,0,0.0,0.0,CHW,580000,No
Mike Mayers,RP,16,0.099,1,0,0,0,0.0,0.0,STL,563700,No
Ronald Bolanos,SP,5,0.031,5,0,0,1,0.0,0.0,SD,555000,No
Felix Pena,SP,23,0.142,2,0,0,0,0.0,0.0,LAA,569000,No
Brent Suter,RP,9,0.056,2,0,0,0,0.0,0.0,MIL,568300,No
Jimmie Sherfy,RP,17,0.105,2,0,0,0,0.0,0.0,ARI,555000,No
Duane Underwood,RP,12,0.074,1,0,0,0,0.0,0.0,CHC,555000,No
Keury Mella,RP,3,0.019,1,0,0,0,0.0,0.0,CIN,555000,No
Yefry Ramirez,RP,14,0.086,2,0,0,0,0.0,0.0,PIT,555000,No
Giovanny Gallegos,RP/CL,67,0.414,2,0,0,0,0.0,0.0,STL,555000,No
Austin Pruitt,SP,14,0.086,1,0,0,0,0.0,0.0,TB,555000,No
Jake Junis,SP,31,0.191,2,0,0,0,0.0,0.0,KC,578250,No
Clay Holmes,RP,35,0.216,5,0,0,0,0.0,0.0,PIT,555000,No
Taylor Williams,RP,12,0.074,1,0,0,0,0.0,0.0,MIL,563800,No
Josh Hader,RP/CL,61,0.377,2,0,0,0,0.0,0.0,MIL,687600,No
Yency Almonte,RP,28,0.173,5,0,0,0,0.0,0.0,COL,555000,No
Dylan Covey,SP,19,0.118,2,0,0,0,0.0,0.0,CHW,571000,No
Glenn Sparkman,SP,31,0.191,2,0,0,0,0.0,0.0,KC,555000,No
Paul Sewald,RP/CL,17,0.105,1,0,0,0,0.0,0.0,NYM,555000,No
Emilio Pagan,RP,66,0.407,1,0,0,0,0.0,0.0,TB,555000,No
Hector Velazquez,RP,34,0.21,1,0,0,0,0.0,0.0,BOS,568500,No
Kyle Wright,SP,7,0.043,6,0,0,0,0.0,0.0,ATL,565000,No
Griffin Canning,SP,19,0.117,2,0,0,0,0.0,0.0,LAA,555000,No
Jalen Beeks,RP,34,0.21,3,0,0,0,0.0,0.0,TB,556500,No
Seranthony Dominguez,RP,27,0.167,1,0,0,0,0.0,0.0,PHI,564000,No
David Hess,RP,23,0.142,3,0,0,0,0.0,0.0,BAL,563500,No
Luis Escobar,RP,4,0.025,2,0,0,0,0.0,0.0,PIT,555000,No
Ariel Jurado,SP,32,0.198,1,0,0,0,0.0,0.0,TEX,555000,No
Brad Wieck,RP,44,0.272,2,0,0,0,0.0,0.0,CHC,555000,No
Sam Howard,RP,20,0.124,1,0,0,0,0.0,0.0,COL,555000,No
Corey Oswalt,SP,2,0.012,1,0,0,1,0.0,0.0,NYM,555000,No
Wander Suero,RP,78,0.482,1,0,0,0,0.0,0.0,WSH,562500,No
Jaime Barria,SP,19,0.117,2,0,0,0,0.0,0.0,LAA,563500,No
Yonny Chirinos,SP,26,0.161,2,0,0,0,0.0,0.0,TB,561800,No
Diego Castillo,RP,66,0.407,1,0,0,0,0.0,0.0,TB,561500,No
Tyler Kinley,RP,52,0.321,1,0,0,0,0.0,0.0,MIA,555000,No
Enyel De Los Santos,SP,5,0.031,1,0,0,0,0.0,0.0,PHI,555000,No
Daniel Poncedeleon,RP,13,0.08,9,0,0,0,0.0,0.1,STL,555000,No
Wes Parsons,RP,32,0.198,2,0,0,0,0.0,0.333,COL,565000,No
James Norwood,RP,9,0.056,1,0,0,0,0.0,0.0,CHC,555000,No
Chad Sobotka,RP,32,0.198,2,0,0,0,0.0,0.0,ATL,565000,No
Chris Mazza,RP,9,0.056,3,0,0,0,0.0,0.0,NYM,555000,No
Jeff Brigham,RP,32,0.198,1,0,0,0,0.0,0.0,MIA,555000,No
Joe Hudson,C,1,0.006,1,0,0,0,0.0,0.0,STL,555000,No
Jacob Webb,RP,36,0.222,1,0,0,0,0.0,0.0,ATL,555000,No
Jose Suarez,SP,19,0.117,2,0,0,0,0.0,0.0,LAA,555000,No
Pedro Avila,SP,1,0.006,1,0,0,0,0.0,0.0,SD,555000,No
Gerardo Reyes,RP,27,0.167,1,0,0,0,0.0,0.0,SD,555000,No
Genesis Cabrera,RP,13,0.08,4,0,0,0,0.0,0.0,STL,555000,No
Jose Quijada,RP,34,0.21,1,0,0,0,0.0,0.0,MIA,555000,No
Jacob Waguespack,SP,16,0.099,2,0,0,0,0.0,0.333,TOR,555000,No
Erik Swanson,RP,27,0.167,2,0,0,0,0.0,0.0,SEA,555000,No
Elvis Luciano,RP,25,0.154,1,0,0,0,0.0,0.0,TOR,555000,No
Nick Ramirez,RP,46,0.286,1,0,0,0,0.0,0.0,DET,555000,No
Yusei Kikuchi,SP,32,0.198,1,0,0,0,0.0,0.0,SEA,9500000,No
Parker Markel,P,20,0.124,3,0,0,0,0.0,0.0,PIT,555000,No
JD Hammer,P,20,0.124,1,0,0,0,0.0,0.0,PHI,555000,No
Jose Urquidy,SP,9,0.056,4,0,0,0,0.0,0.0,HOU,555000,No
Conner Menez,P,9,0.056,3,0,0,0,0.0,0.0,SF,555000,No
Robert Dugger,P,8,0.049,11,0,0,0,0.0,0.0,MIA,555000,No
Patrick Sandoval,SP,10,0.062,2,0,0,0,0.0,0.0,LAA,555000,No
Devin Williams,P,13,0.08,1,0,0,0,0.0,0.0,MIL,555000,No
Rico Garcia,P,2,0.012,1,0,0,0,0.0,0.0,COL,555000,No
Sam Haggerty,2B,11,0.068,4,0,0,0,0.0,0.0,NYM,555000,No
James Marvel,SP,4,0.025,4,0,0,0,0.0,0.0,PIT,555000,No
